bytes_sent,src_port,dst_port,severity_score,is_sensitive_file,label
14426,48248,443,0.7764182165970104,0,0
2928,32495,80,0.1742362543727709,0,0
6697,45258,53,0.8556991677470144,0,1
14861,6092,4444,0.06175975634568098,0,2
9207,4035,22,0.1885265402024222,0,1
597,17971,3389,0.824676677518644,0,0
3872,30622,443,0.6075082652622226,0,0
7196,33375,53,0.03772638081508983,0,1
2799,20186,80,0.08793486154899133,0,0
13701,9399,3389,0.5080124958471905,0,2
3412,28891,22,0.1937794290460172,0,1
5136,47421,3389,0.9038861302616786,0,1
7054,7067,8080,0.7921231892616488,0,1
12512,7265,443,0.015123326304610885,0,0
4387,43951,53,0.5787197129395159,0,1
134,30416,8080,0.14378732745166067,0,0
3814,33545,4444,0.33887658207403215,0,1
5116,44448,8080,0.33933443606335956,0,1
9589,50086,3389,0.7727305685376149,0,2
5351,58506,8080,0.6261596550210754,0,1
4581,13156,8080,0.7227604475139335,0,1
14642,18640,8080,0.060749590419782895,0,1
6838,59761,3389,0.3729373728957597,0,1
7199,49358,443,0.8822188960654161,0,0
8007,48832,53,0.6009975301486726,0,1
12907,57491,3389,0.4600711711062171,1,2
6837,38722,22,0.13904430980822724,0,1
11023,5868,8080,0.794120380951071,0,1
9779,16216,22,0.5883949815321616,0,1
8405,18021,80,0.39607513539301653,0,0
11312,17495,53,0.8858528459653593,0,2
13268,31668,22,0.07237360342706789,0,1
8385,17722,8080,0.7898239487201302,0,1
11754,46454,8080,0.6513873990810147,0,1
14055,27795,4444,0.4290438850325322,0,2
161,8683,8080,0.5796235261468269,0,0
10237,32535,4444,0.7119925845019246,0,2
14326,15749,8080,0.1694416566831577,0,1
4084,62109,80,0.01557044292147014,0,0
14674,7908,3389,0.7539594009715159,0,2
10430,58338,53,0.16821256386734706,0,1
458,23106,53,0.5152584478370688,0,0
752,42055,80,0.7840178016345467,0,0
1956,6415,4444,0.16457751369022156,0,0
11689,40595,80,0.0656982159509204,0,0
2161,62491,8080,0.31112557118888573,0,0
421,6505,443,0.9947826445325947,0,0
3105,65175,3389,0.5413905688224409,0,1
3435,57548,443,0.8253685889474364,0,0
11480,51858,53,0.7450397752987943,0,1
14319,55098,8080,0.43086300385724696,0,1
8217,49551,443,0.011231290123975501,0,0
182,31549,3389,0.5747005564612295,0,0
9832,56981,80,0.15433392695577697,0,0
11152,8606,53,0.6933138916329156,0,1
13869,38999,22,0.715044853071233,1,2
256,38830,443,0.7566151313572802,0,0
4486,40103,80,0.23059803984141702,0,0
6628,39721,8080,0.3522257508754515,0,1
4929,14731,443,0.13417581144384128,1,0
12730,8888,8080,0.739944036936196,1,2
4139,30115,3389,0.29807302799157853,0,1
4012,15316,8080,0.6443071444631022,0,1
5170,26053,8080,0.376127946773107,0,1
9623,20629,53,0.4608505246087806,0,1
8518,50531,22,0.10581978660673752,0,1
6822,12331,53,0.6491707231850433,0,1
2398,2057,8080,0.16436538841081438,0,0
5967,42884,4444,0.41752097066336713,0,1
9824,52025,4444,0.6448986240493018,0,2
5401,2368,8080,0.27150536573838224,0,1
5975,51965,3389,0.9626204180179636,0,1
1600,5452,22,0.5498062316965218,0,0
14364,24239,22,0.723631043723336,1,2
12542,45377,4444,0.6905753209018852,0,2
11528,34774,8080,0.08334853523651031,1,2
10575,5174,443,0.6889112509416225,0,0
2904,31934,53,0.9066665962811358,0,0
10633,14147,53,0.974478525385002,0,2
5138,32366,53,0.7392445857432078,0,1
6800,9620,4444,0.9209368787196107,0,1
14061,17710,4444,0.48138108393023715,0,2
9156,11785,53,0.5397271562486684,0,1
14061,44047,22,0.5101697486693193,0,1
79,9605,8080,0.013236576591951321,1,0
682,36610,80,0.8969055442466868,0,0
3801,57854,53,0.3450997097159899,0,1
456,30172,3389,0.6276443174776466,0,0
7009,50817,22,0.28938404510512294,0,1
9948,19819,4444,0.43649723969856014,0,2
10229,28129,53,0.26718194252803584,0,1
10177,46556,4444,0.27155776570017875,0,2
2397,27549,443,0.6269259389237226,0,0
12160,61406,22,0.16071982731102818,0,1
1541,37865,22,0.8669829778054338,0,0
10617,43210,80,0.6405201808241808,0,0
2526,24159,3389,0.16880189489190922,0,0
4960,51679,3389,0.004971820108879643,0,1
2991,61271,80,0.7274419973546015,0,0
11087,56912,4444,0.8855017182068939,0,2
4950,3868,22,0.04335628764227395,0,1
2772,21538,53,0.5871490483470857,0,0
5642,58798,22,0.9001067038239298,0,1
4060,30827,4444,0.88252876174545,0,1
11429,15298,22,0.2952022497677049,0,1
7669,49754,53,0.2478588973732314,0,1
541,29308,3389,0.343358608121325,0,0
12114,61733,22,0.9305130053657141,0,2
8146,18501,4444,0.8397264684709138,0,2
10302,41065,3389,0.7499418992384185,0,2
4467,22223,53,0.4070515780426788,0,1
3230,52034,80,0.23395961974317836,0,0
11345,60992,443,0.874662196314325,0,2
12024,47829,4444,0.5361830004853205,0,2
9161,21936,80,0.539675038364543,0,0
4048,48086,8080,0.7584674668867174,0,1
8411,2081,80,0.05024973072068151,0,0
1212,62187,3389,0.48483189017565376,0,0
7916,36505,3389,0.5074330638984836,0,1
13751,53398,53,0.3148418491769558,1,2
1768,35951,443,0.08509191598999566,1,0
3629,30449,53,0.3874162942902226,0,1
2914,54646,443,0.8816313118123841,0,0
12379,17505,22,0.8882628340445297,0,2
2812,41330,22,0.18202628235835927,0,0
4610,22948,80,0.5243618367312236,0,0
2197,50980,53,0.49263647779102604,0,0
10870,38127,443,0.6346956305561504,0,0
13654,53372,80,0.5846903780563214,0,0
829,29297,80,0.5809515731871788,0,0
623,50783,8080,0.08003795098618982,0,0
5984,48365,443,0.038280790226646766,1,0
12574,49218,53,0.6561974051094257,0,1
3443,20316,443,0.725183755147037,0,0
3468,15784,4444,0.7706618615248534,0,1
4003,52937,8080,0.3442227800101355,0,1
3709,36109,3389,0.799515450456714,0,1
3861,52303,4444,0.6214069375421308,0,1
10483,35195,8080,0.6262012480717607,0,1
6768,24837,3389,0.4508984558558391,0,1
266,20438,3389,0.1470739088494416,0,0
6920,33281,4444,0.7702022409101175,0,1
8155,18777,22,0.5079619406482498,0,1
8588,34204,3389,0.6623533657685348,0,2
6540,3295,22,0.574004687870988,0,1
7682,32543,4444,0.3740848781642576,0,1
6466,36347,22,0.7750249157564775,0,1
1503,1312,4444,0.8765362758199429,0,0
13109,27315,443,0.9496121820137251,0,2
14522,23877,3389,0.5452961490073568,0,2
12319,9497,3389,0.04491367652801581,0,2
11443,47225,443,0.6439035779770507,0,0
10921,8349,53,0.17808012876577495,0,1
7565,13060,80,0.7345178509467358,0,0
13140,28403,53,0.4794694848924518,0,1
12499,34526,53,0.4988908633899116,0,1
4617,46567,22,0.8658849528633553,0,1
3285,61857,443,0.11475564511525915,0,0
138,65257,3389,0.687689586135745,0,0
11733,7437,3389,0.048821358622764155,0,2
2524,53464,22,0.913390334496509,0,0
8839,14902,8080,0.9472148441232364,0,2
900,43903,8080,0.37994710497932005,0,0
11918,29679,443,0.4361383647558569,0,0
11070,59548,4444,0.6565180069213302,0,2
12460,29135,8080,0.45971788252068757,0,1
2424,11991,3389,0.12646171364030856,0,0
3452,58009,4444,0.11220005516099218,0,1
2614,12713,443,0.6587158337496486,0,0
11471,35876,22,0.12597848869186035,0,1
919,45522,80,0.2000444381220312,1,0
3953,52457,8080,0.20534706223765586,0,1
274,54442,53,0.45145383130005134,0,0
2369,23645,3389,0.4622168346355683,1,0
14309,26529,443,0.9681529457382184,1,2
11027,5747,53,0.7544933750364464,0,1
2665,37525,3389,0.6445608623020332,0,0
4198,34979,443,0.5738910655433773,0,0
316,59823,22,0.7292673820317935,0,0
11188,51171,4444,0.7158429732212817,0,2
13099,52432,4444,0.8159492748329317,1,2
3864,60021,3389,0.37705826706817946,1,1
7037,50041,53,0.7843878168580423,0,1
12355,22850,22,0.4276527265212211,0,1
14707,8679,443,0.9996268269327276,0,2
9799,63456,4444,0.8443284458800647,1,2
3511,63210,80,0.962586835497682,0,0
9689,56353,4444,0.8753766301564867,0,2
10374,60066,443,0.9038774900288957,0,2
6601,43021,22,0.6687262393800871,0,1
2558,8129,443,0.22135526293135188,0,0
5445,34562,8080,0.7230584947610158,0,1
11429,54977,53,0.17383921507431854,0,1
5278,33713,22,0.00573843423541065,0,1
7575,65277,4444,0.9006983556448327,0,1
807,35962,8080,0.3796911271440555,0,0
5630,28027,53,0.43197451033053735,0,1
14214,37533,80,0.24222579619774565,0,0
11316,52448,53,0.6997258316661942,0,1
7455,29951,3389,0.22514068904549145,0,1
8719,65097,443,0.7848321865154064,0,0
10774,49146,3389,0.74004301313463,0,2
11707,32273,4444,0.37869168337465486,0,2
9371,45340,53,0.22917922661135282,0,1
6246,62185,3389,0.30131321580852954,0,1
5114,5084,3389,0.8645407716813123,0,1
12155,46916,22,0.0957139196375919,0,1
3906,41705,4444,0.036093172613326785,0,1
2772,53679,443,0.7229244268962477,0,0
11314,18640,3389,0.6734340246058912,0,2
10613,18117,22,0.8420839616710181,0,2
9562,59982,4444,0.5375667347164628,0,2
5863,19982,8080,0.5504188919292257,0,1
8254,30865,443,0.027228609406313997,0,0
6707,30200,22,0.48983871950444546,0,1
6808,45106,4444,0.8971540373962531,0,1
14715,2883,443,0.3568782464765291,0,0
8026,10009,80,0.08077267590890869,0,0
1834,41453,53,0.4166927441542717,0,0
10326,39184,443,0.053146040836548614,0,0
7842,7184,8080,0.25903882108479204,0,1
1311,35026,22,0.47183765352029505,0,0
8204,37574,8080,0.3968205064422219,0,1
9162,30494,4444,0.05825264466933444,0,2
224,37030,3389,0.5044234640525989,0,0
709,25819,53,0.9751591894119206,0,0
7623,11959,80,0.8671727682863344,0,0
10952,56505,80,0.13400106829939384,1,2
4659,8631,22,0.0629039766536158,0,1
2250,24926,53,0.71902672177986,0,0
5579,52077,4444,0.9818605148524367,1,1
5501,35329,4444,0.5334908041130282,0,1
8065,46791,80,0.4383938143472148,1,2
8283,57790,80,0.9409794541395611,0,2
12103,7028,53,0.4455567564095062,0,1
13250,15179,22,0.14235947452847197,0,1
7706,49694,80,0.151525569639553,0,0
197,20866,80,0.6416046408056012,1,0
642,24257,443,0.7252693215776789,0,0
6606,31686,53,0.013638273558612135,0,1
989,63395,3389,0.9480397261651687,0,0
12644,59106,443,0.37693746498947334,1,2
2050,28319,8080,0.9514960120591737,0,0
6822,45634,3389,0.7224368587532213,1,1
7152,18722,80,0.3947003868271637,1,0
7787,7183,443,0.26532542072059373,0,0
9261,21283,3389,0.13907478537742468,0,2
3582,6317,4444,0.16553008598667207,0,1
949,23791,3389,0.813100738470278,0,0
6901,64130,443,0.14495894041382085,1,0
5681,52348,4444,0.22245298800339386,0,1
11612,13720,443,0.534255824243172,0,0
1290,37422,80,0.2182475971343506,0,0
6904,33438,8080,0.9336073821821205,0,1
13347,12195,4444,0.40695822888692224,0,2
14884,1693,8080,0.2218071668989079,0,1
11565,49796,22,0.6385620329996319,0,1
6635,21999,8080,0.8492648338820518,0,1
11433,59726,8080,0.42249933010497953,1,2
10996,20577,443,0.7874348301749502,0,0
1019,33769,22,0.07712182659396805,0,0
8687,43324,443,0.38794474022682446,0,0
1773,14436,4444,0.739636887000547,0,0
3356,18326,22,0.8355308025421324,0,1
7697,41643,4444,0.37829574238712604,0,1
11318,21862,22,0.3608385242470211,0,1
261,59068,8080,0.7936558187991034,1,0
6347,53182,80,0.5623889651743267,0,0
8813,51441,443,0.22078921484185354,0,0
3512,61006,22,0.5475117287233742,0,1
12565,61546,3389,0.9673344784364479,0,2
3413,51391,4444,0.9166546132791469,0,1
11735,62026,4444,0.1923808114035922,0,2
12520,30216,4444,0.5869402904009895,0,2
276,16541,4444,0.15729447465922253,0,0
9671,55142,3389,0.7271584764641498,0,2
4472,58502,22,0.7974945097216121,0,1
13761,41451,80,0.6407238166931516,0,0
13865,17354,443,0.39290462683562866,0,0
13208,51037,53,0.7867017467594188,0,1
3623,41718,80,0.5388708723295158,0,0
10362,64598,22,0.20141324334133792,0,1
13445,51607,53,0.6499172675744089,0,1
5060,25813,53,0.6605215810059081,0,1
5624,17410,22,0.3418327683628839,0,1
14847,2869,443,0.5368687388493909,0,0
11198,50109,4444,0.1267212923011305,0,2
12228,57270,8080,0.011694307446232344,0,1
9140,2632,53,0.5589645124109193,1,2
9253,7712,3389,0.48315887298719096,0,2
8229,48221,3389,0.6737917901116081,0,2
9635,55905,80,0.7081506378060134,0,0
1326,12237,443,0.5380872319976824,0,0
9811,23107,53,0.36953426410152834,0,1
2351,18416,443,0.48580070434969913,1,0
3458,34438,80,0.8643315698426535,0,0
10702,42039,53,0.4210920935932072,0,1
11252,39217,22,0.3650643611268406,0,1
11296,12049,80,0.28775108906433033,0,0
1981,1863,53,0.5172258245482239,0,0
13469,11384,4444,0.2635107469488701,0,2
7740,20859,3389,0.9257405676066888,0,1
3006,18025,4444,0.06980219905569962,0,1
8667,55177,443,0.847560239758015,1,2
3519,41814,80,0.12329103775138528,0,0
3730,58865,22,0.11905532610134029,0,1
10725,15316,80,0.3683759405570082,0,0
9732,17178,53,0.20195351742635292,0,1
2030,2676,80,0.6823350084635407,0,0
12305,57243,8080,0.26579840037968205,1,2
6703,31981,8080,0.016726338230597326,0,1
3089,60716,8080,0.23900103105734505,0,1
6495,16345,53,0.9852281283821112,0,1
6362,24890,443,0.43273648612417503,0,0
14074,3113,22,0.47422772796190993,0,1
1930,22943,80,0.9960995937197311,0,0
12372,33797,4444,0.11574790996105833,0,2
3430,13727,80,0.7156068841156534,0,0
2380,39031,22,0.3406697518817662,0,0
8254,62112,80,0.7777683212994957,0,0
6067,14235,53,0.5592562122797196,0,1
12376,6668,443,0.6388376194391245,0,0
13486,57151,4444,0.26499292502027827,1,2
1209,54004,443,0.3144754980831981,0,0
1464,41855,80,0.9985002242882874,0,0
9820,54798,8080,0.30628996135058684,0,1
9386,45978,3389,0.8926437808557379,0,2
7561,36819,22,0.7218750362848334,0,1
4318,41935,53,0.9553359556162072,0,1
1718,65099,8080,0.8703369727486144,0,0
12171,51608,3389,0.09986983261570093,0,2
6362,51792,3389,0.16405950624773635,0,1
12830,55606,80,0.5915111087956241,1,2
13785,47482,80,0.888162330774143,0,2
11211,33302,4444,0.2770326766211688,0,2
9843,37606,443,0.10467645909064527,0,0
315,8200,3389,0.1554560098998159,0,0
4519,49821,443,0.7309451165626504,0,0
9507,51102,80,0.9871373094715519,0,2
7216,65257,3389,0.7676272973374622,1,1
5751,20550,443,0.7287724362686244,0,0
9334,43953,3389,0.4649503466728827,0,2
11830,51823,443,0.20922412393528778,0,0
2502,8505,80,0.060335606109622075,0,0
466,45106,80,0.7024530176976557,0,0
5603,43709,3389,0.3304162478251026,0,1
12106,46919,4444,0.05267576040653876,0,2
9962,35749,4444,0.8383978096627711,0,2
6890,6715,22,0.32140026642379105,0,1
4155,62971,443,0.4164168391965176,0,0
13217,23368,80,0.9787146365354064,0,2
12942,5322,3389,0.1523264722677783,0,2
4093,7116,80,0.6742174217995437,0,0
7731,30459,4444,0.6905511292361773,0,1
10131,48644,53,0.5934760055313774,0,1
13995,53364,3389,0.7630465148953212,0,2
14891,61401,80,0.6883490605416085,0,0
12018,53867,22,0.4443900045728515,0,1
12773,16091,3389,0.27622384361511665,0,2
4316,27074,3389,0.9366800021689535,0,1
12855,33345,443,0.019384276001602085,0,0
5052,29613,8080,0.35456145776646586,0,1
6914,10031,80,0.858105992679559,0,0
12033,14833,8080,0.48660059022938273,0,1
2140,24313,53,0.6444293266996882,0,0
11442,30826,22,0.9734415087979971,0,2
2422,57434,22,0.5365196074220616,0,0
492,31599,443,0.48838059647720367,0,0
1900,58252,53,0.07093568596270938,0,0
11895,18080,443,0.38509247805534763,0,0
1061,58175,53,0.46964171139733113,1,0
10282,3160,4444,0.837252231582477,0,2
14414,65471,8080,0.4834067272955491,0,1
7722,28316,443,0.9659783284832559,0,0
178,1752,3389,0.6583582144544607,1,0
12875,41441,4444,0.9551539531793678,0,2
14903,49709,4444,0.34504263321435547,0,2
9781,12381,22,0.8797190425735587,0,2
5061,32231,443,0.04375200242100874,0,0
3424,23825,4444,0.25577157552159524,1,1
8487,8326,3389,0.7130528567760972,0,2
6196,64423,4444,0.6505338564302465,0,1
10050,54435,8080,0.27018216049860777,0,1
5772,55936,4444,0.6904182849553795,0,1
10228,58971,3389,0.4759817839120062,0,2
4231,38250,22,0.44788535905131666,1,1
5876,55935,22,0.0375317997168223,0,1
12531,16097,80,0.6070692182928075,0,0
1138,60206,3389,0.23617441445979015,0,0
13720,65521,53,0.42454409980167207,0,1
12125,29244,53,0.7622091608014446,1,2
6478,39884,53,0.7536980157044966,0,1
4610,54292,4444,0.22331712242848556,0,1
6031,17966,3389,0.911414471255727,0,1
3182,13286,443,0.40116476162675074,0,0
12696,33064,53,0.467276119636057,0,1
9620,43380,4444,0.22280654137557843,0,2
12746,9360,4444,0.3641580829360699,0,2
7619,21237,8080,0.7790689033419754,0,1
161,29679,443,0.1033821170182807,1,0
11079,15478,8080,0.2887362363815813,0,1
13955,26271,53,0.5705956872506056,0,1
5991,6026,4444,0.0009521653873942881,0,1
13870,2633,443,0.005759691893720276,0,0
6752,58169,443,0.7960937101068909,0,0
4577,9745,3389,0.37099740826294936,0,1
7970,46362,443,0.9037229265503485,0,0
7041,37393,22,0.4588221188327435,0,1
12383,12965,53,0.6330004648910755,0,1
10406,37798,53,0.5817734864193771,0,1
4245,34437,8080,0.30927340116734736,0,1
7545,25208,53,0.4396378628938359,1,1
1324,32505,53,0.869048514425846,0,0
14148,64725,4444,0.18133152777872852,0,2
9702,34567,80,0.8368461818501697,0,2
7126,44286,80,0.22746998895779513,0,0
172,51645,80,0.833791675659382,0,0
12167,11473,8080,0.38420518457199093,0,1
12957,9161,4444,0.42619257167474134,0,2
4554,46886,443,0.6091466939886276,0,0
6427,37231,53,0.6497394910552661,0,1
13282,64516,8080,0.672505535424247,0,1
9721,22279,3389,0.2878029098403442,0,2
13181,20940,8080,0.7234552717407856,1,2
291,34462,443,0.337980830173642,0,0
11107,18275,8080,0.09352863608362516,0,1
9577,36529,22,0.5771871671827676,0,1
12735,34773,80,0.4075652936799634,0,0
12093,47056,4444,0.25336301772807424,0,2
1279,37145,53,0.5538215038654557,0,0
7996,28529,3389,0.5252038828775089,0,1
1035,7612,3389,0.2704438479881961,0,0
4071,51679,80,0.8537680810945872,0,0
12361,3887,443,0.5046698800214491,0,0
7651,45526,53,0.19402725292250145,0,1
13095,22098,3389,0.4372940587362717,0,2
10016,25410,3389,0.632140872330179,0,2
13879,43896,3389,0.2000132745535994,0,2
5341,48280,3389,0.32380576585711507,0,1
8623,56599,22,0.1585055334981933,0,1
12014,13142,53,0.9771543624609415,0,2
4281,25145,80,0.9419841333576017,0,0
10485,17728,3389,0.7528333074299705,1,2
10181,56554,22,0.647353527789789,0,1
2671,56740,22,0.6705587772021779,0,0
3961,8969,3389,0.6437692329114881,0,1
9209,17919,3389,0.5865578624973503,0,2
3933,32379,8080,0.8517254715658958,0,1
8743,37271,3389,0.4868066166161549,0,2
11978,8403,3389,0.9014389623815962,0,2
13556,17117,22,0.4958061471001616,0,1
14849,41196,53,0.762412693704751,0,1
13950,45257,3389,0.8666860805137152,0,2
3646,46731,4444,0.25272871325722657,0,1
14110,60990,3389,0.021930652627226044,0,2
8673,49166,443,0.3477936583122009,0,0
13222,11126,3389,0.9316760599619411,0,2
7102,41607,4444,0.7191455683694155,0,1
4052,55092,8080,0.9520679078308076,0,1
11075,42988,4444,0.5033879608657168,0,2
5978,61395,4444,0.04703982442343402,1,1
7821,51946,443,0.7740901434971469,0,0
6015,35050,3389,0.6973002169927754,0,1
7769,64712,443,0.9103325938515667,0,0
743,27337,53,0.9837026855489809,0,0
3787,19266,3389,0.6457179262643972,0,1
4154,64983,53,0.8113593414291198,0,1
2964,22048,4444,0.26809635451147495,0,0
5557,34747,4444,0.9753698373962825,0,1
8173,57611,443,0.5721933386133481,0,0
9424,63092,3389,0.8411706963841988,0,2
14311,62092,80,0.3335039042009831,1,2
13213,62398,53,0.38221671363622267,0,1
2686,60877,3389,0.5566850861019417,0,0
3397,55043,3389,0.9678214072440892,0,1
5387,4397,80,0.534712858990532,1,0
5109,28670,80,0.6978114194541102,0,0
5458,43211,443,0.931531931944327,0,0
1194,29036,53,0.581451100004127,0,0
1702,3689,53,0.17134018012704932,0,0
10877,48226,443,0.01642149921447522,0,0
2965,47523,53,0.4425603002774757,0,0
2138,38138,443,0.10780107656805027,0,0
3934,31130,80,0.9196758596360515,0,0
436,62698,4444,0.7622537580028541,0,0
9325,25714,443,0.7331009566143983,0,0
5175,35066,443,0.8859847051510852,0,0
11753,22367,443,0.12134528094408104,0,0
5330,9508,80,0.3078384174465151,0,0
58,11612,8080,0.8512090050697602,0,0
2647,51594,53,0.03538880792264243,0,0
5649,64349,3389,0.3571876928062878,0,1
4694,55589,80,0.7619037450228696,0,0
11476,46358,3389,0.42105151661944473,0,2
4688,57779,53,0.4403745148645418,0,1
7296,9409,443,0.7636047385373963,1,0
2579,21381,3389,0.4645135027411005,0,0
954,46081,22,0.3537376402642136,0,0
5390,41102,443,0.7106921408212137,0,0
5475,37031,53,0.924933364781667,0,1
8685,52235,443,0.4634121639542177,0,0
1634,41925,443,0.9535337362763198,0,0
5811,19382,80,0.11662795526432823,0,0
3364,56860,443,0.34861607250434135,0,0
8232,1375,4444,0.968571442671503,0,2
949,55754,80,0.2515276997286986,0,0
2925,20007,4444,0.9557467410376652,1,0
12576,40228,8080,0.39150666765913544,0,1
1486,32761,3389,0.5166860665249722,0,0
2450,24249,443,0.7594197761191293,0,0
12535,3346,3389,0.17102361354806206,0,2
5575,51661,80,0.5552780173876533,0,0
7377,45781,22,0.18490822525821027,0,1
1558,59819,3389,0.13496573506498932,0,0
8690,22030,443,0.9996009256295942,0,2
10925,62980,8080,0.1564345415427859,0,1
4558,27065,80,0.6742306472472409,0,0
12233,24954,53,0.14858015832442373,1,2
5406,13603,22,0.3372075526154169,0,1
9534,53646,3389,0.7982744061031699,0,2
14656,39878,443,0.45417931422787605,0,0
2892,7651,4444,0.7132604132135424,0,0
10063,50200,8080,0.6335560044403732,0,1
14506,36045,53,0.9973892762721126,0,2
14434,12382,80,0.0077351324317671555,0,0
3749,7534,80,0.7229601847600922,0,0
6057,10390,443,0.5029516226756071,1,0
2038,4173,4444,0.833724744469303,0,0
2950,9146,53,0.7881630278799469,0,0
1168,11080,53,0.701912220447721,0,0
2437,57355,3389,0.5392077744357906,0,0
542,28320,8080,0.0826289653400426,0,0
2189,56411,22,0.6930020453503433,1,0
3203,7669,443,0.7884758772672358,0,0
719,33611,443,0.45509802958959034,0,0
3894,14316,3389,0.006364146074340216,0,1
8086,4540,22,0.2304886994368649,0,1
6188,12088,443,0.35359986731102167,0,0
8062,46017,4444,0.4839341454870302,0,2
9154,64301,443,0.8911474962521643,0,2
1473,18805,4444,0.008762814059504298,0,0
12780,50844,4444,0.6698120511230405,0,2
13108,19673,443,0.1406614748245706,1,2
2845,13231,80,0.7260408368100697,0,0
2818,11408,8080,0.9337948442406592,0,0
7867,32865,3389,0.717464505672052,0,1
6657,47210,3389,0.41817725536936967,0,1
3907,1436,22,0.5511534692716197,0,1
12830,46300,80,0.5792573244668431,0,0
2327,56117,53,0.39002887876957504,0,0
6294,17531,53,0.875305179196862,0,1
10214,7710,22,0.8357919014317139,0,2
2367,58617,8080,0.25618293297777106,0,0
12155,38955,3389,0.20231612366436946,0,2
1616,54528,8080,0.5018469977769923,0,0
4518,14143,80,0.4684818846366946,0,0
1663,3283,22,0.9201588181832787,0,0
10333,33427,4444,0.9326156832005358,0,2
617,30089,4444,0.4742883075202605,0,0
14398,19564,443,0.9273512051287457,0,2
13726,25786,22,0.8411774205772301,0,2
14062,27007,3389,0.7744422391403674,0,2
8071,31178,22,0.5309614621666656,0,1
3451,30377,4444,0.9059748856318978,0,1
13749,23404,80,0.4846974775011552,0,0
6608,63578,8080,0.5461268417412924,0,1
14001,19818,8080,0.1825198791223126,0,1
8929,33592,3389,0.7678600109247059,0,2
8949,26428,8080,0.5756228058672818,0,1
5483,26707,53,0.946254109943205,0,1
12625,26137,53,0.8907310324432197,0,2
566,32216,22,0.6872023807848956,0,0
14730,41729,22,0.48405139915361184,0,1
14967,21269,4444,0.6751681734497275,1,2
13069,19765,443,0.6566839212680117,0,0
13540,52727,3389,0.6522705335543284,0,2
2836,49711,80,0.2823258526186204,0,0
7827,58593,443,0.8784875148088573,1,0
13051,19016,443,0.5012698852574482,0,0
13815,3364,80,0.08904353102382423,0,0
9394,46112,80,0.03172843132602721,0,0
1354,33542,80,0.5542038831280869,1,0
4895,61252,3389,0.08648492171507838,0,1
7805,44648,22,0.5857052323928491,0,1
883,39511,22,0.148317654436248,0,0
8139,37971,3389,0.5506095996443372,0,2
12840,39217,4444,0.7251627548394518,0,2
65,51381,8080,0.21876302487716226,0,0
3536,7820,3389,0.8350079768987575,0,1
2590,14389,53,0.014662528695042365,0,0
7287,25968,80,0.48625815857514343,0,0
784,22122,8080,0.34629999718827187,1,0
4827,51783,8080,0.4429738730484727,0,1
5259,63001,53,0.3835904483149256,1,1
148,35650,53,0.20594976233501605,0,0
6475,38346,53,0.017766086582989837,1,1
6610,2580,4444,0.24201607079548515,0,1
699,50341,80,0.4724960483575683,0,0
669,13397,8080,0.3251876553261016,0,0
14419,15589,53,0.30322282580441295,1,2
8863,19970,3389,0.11967511754256732,0,2
13491,54357,8080,0.2965928427581558,0,1
10312,2814,443,0.6718134773372153,0,0
2279,52702,53,0.9439198399693911,0,0
6770,14369,3389,0.8962792869430665,0,1
953,51251,53,0.5859125461487563,0,0
8897,44027,22,0.9384986453621935,1,2
2428,16333,80,0.11618352230061102,0,0
1860,23885,8080,0.451062380258182,0,0
577,5094,4444,0.0715664984877844,0,0
14207,2695,8080,0.7427057508958187,0,1
10511,45557,3389,0.3061112390315591,0,2
3694,13777,22,0.48564504514194495,0,1
5269,64056,22,0.6954423291027939,0,1
7381,1995,3389,0.6128625034054465,0,1
7043,22713,3389,0.5407395033818679,0,1
12008,33836,80,0.8829578834307361,0,2
5554,60353,80,0.6872421081255681,1,0
14281,13251,80,0.7644611709359866,0,0
11493,28596,80,0.16124860520786077,0,0
14181,63586,53,0.671485358739391,0,1
10594,50448,3389,0.41370140179463355,1,2
8347,59294,8080,0.48297861746886217,0,1
10507,41421,3389,0.5948693945770941,0,2
1387,40483,3389,0.5417257604377648,0,0
4716,22309,22,0.09468860302599202,1,1
9505,29981,8080,0.2646107550102542,0,1
8778,11154,8080,0.4702774765793578,0,1
4653,28858,8080,0.9787414418627405,0,1
9281,63027,22,0.8119944799069375,0,2
2031,41837,22,0.8406555711311381,0,0
9013,36102,8080,0.5835164682782398,0,1
6818,39250,53,0.735044547984559,0,1
11128,10474,80,0.9978156312121563,0,2
4330,26688,3389,0.39355079092623035,0,1
13122,1627,53,0.17477322963073272,0,1
5135,39832,8080,0.9039495835817288,0,1
3436,39859,4444,0.4485175078007426,0,1
12919,63797,8080,0.03377774338791284,0,1
960,22205,3389,0.06860152609827586,0,0
1994,37962,3389,0.6338871440546222,1,0
14379,44245,53,0.4836985133887661,0,1
11705,60258,53,0.612083511251651,0,1
3749,64595,443,0.08712995268987123,0,0
4457,53524,3389,0.7347672022965732,0,1
2800,61612,80,0.7171326704602445,1,0
588,6290,8080,0.34832721646032094,0,0
8681,64292,80,0.14767626707913362,1,2
7976,50012,443,0.1693985560766672,0,0
13495,31299,22,0.6372183550075229,0,1
12455,4718,53,0.45622983758470004,0,1
13539,5279,4444,0.6026838060394653,0,2
9168,28975,8080,0.49821381745324067,0,1
6716,44150,4444,0.5147756827976084,0,1
6745,8938,80,0.48594314731933186,0,0
12912,28298,443,0.12148811564080297,0,0
9987,47505,443,0.6787556142221299,0,0
9093,38554,53,0.5162053634082778,0,1
1332,32222,53,0.2127435444617829,1,0
11451,17906,3389,0.1847452844926002,0,2
4637,52657,3389,0.7072181108023289,0,1
4312,17894,443,0.8602957266642144,0,0
5031,17242,443,0.745693806636472,0,0
4886,36082,443,0.8776153883151064,0,0
4316,53982,22,0.4436006175157583,0,1
5908,46398,53,0.2062335310118545,0,1
7375,30938,3389,0.48083409311729075,0,1
6698,56838,22,0.3594864478418198,0,1
2547,41770,3389,0.2575584023769488,0,0
13362,19744,3389,0.5937669885762188,0,2
774,8563,8080,0.816230369730306,0,0
14711,31517,8080,0.9395279041807123,1,2
3424,42664,53,0.9939843690587662,0,1
12006,43419,8080,0.8241264844465613,0,2
14749,16654,80,0.8799692271849422,0,2
12099,32994,3389,0.06550697169871977,0,2
6644,11359,443,0.02860604476057249,0,0
13776,5050,4444,0.8878317948559477,1,2
10443,50785,22,0.08080303675398692,0,1
4601,32680,53,0.5647432764138036,0,1
8258,5611,3389,0.5188236164468483,0,2
8483,13624,443,0.46831484175283045,1,2
14962,48012,443,0.6989951951540182,0,0
8731,28868,22,0.09189947086826056,0,1
640,51219,80,0.7600570955128534,1,0
12650,13247,8080,0.2730048076444339,0,1
8887,28635,4444,0.5177605011196716,1,2
12511,5349,443,0.9959167781551226,0,2
13115,34515,53,0.45065746918600313,0,1
5579,62418,80,0.7379094806113756,0,0
1741,35395,22,0.5329882738220894,0,0
12133,46656,4444,0.9649942105961188,1,2
8873,11415,4444,0.2757218415421666,0,2
8422,6806,3389,0.11615562549932568,1,2
10901,44563,4444,0.8579401955103598,0,2
13427,33913,8080,0.5777972621933486,0,1
14323,48063,443,0.7392042546141214,0,0
10489,12334,8080,0.07866352936598864,0,1
11434,30291,8080,0.5062440314720364,1,2
3664,8886,53,0.02219760363290202,0,1
4212,38360,3389,0.3795118452677644,0,1
490,9082,80,0.6095667501309335,0,0
11826,49878,443,0.6343808236606143,0,0
5550,2669,80,0.04676477975162252,0,0
3924,6491,8080,0.16356922822231879,0,1
10229,40624,3389,0.013839841803647723,0,2
14673,28521,4444,0.5262154972876035,0,2
5958,52885,8080,0.09128169783195883,0,1
11661,49609,4444,0.4656763413160755,0,2
3139,10125,443,0.4912765018336175,1,0
73,5842,22,0.5710307098282807,0,0
12641,32832,8080,0.7278435495921458,0,1
11700,27671,53,0.3086904728961184,0,1
893,6494,3389,0.882070327404975,0,0
452,23853,4444,0.10481811677657416,0,0
2649,15104,4444,0.2025972440908611,0,0
5837,11422,80,0.9164316730950453,0,0
9883,13276,443,0.1874529278225251,0,0
8590,62281,53,0.9849816376705088,1,2
12208,38760,8080,0.38752336071238924,0,1
10196,29073,22,0.31781857149157344,0,1
12436,37130,22,0.5049948277876407,0,1
8512,8376,80,0.1132164063811808,0,0
9252,33834,22,0.8927313767971883,0,2
5212,57327,4444,0.8275902692265513,1,1
7092,15923,443,0.2566579320152732,0,0
6299,45655,53,0.7966348838774877,0,1
4012,9481,53,0.33771384656948766,0,1
8810,35791,8080,0.90691432658918,0,2
2016,14041,22,0.42479395704497414,0,0
9979,45161,80,0.224667043213577,0,0
5305,25360,53,0.9304229459257339,0,1
10309,17482,8080,0.3619642302655396,0,1
5934,39231,4444,0.605191877289792,0,1
2519,15715,80,0.0175517623510546,0,0
9788,64624,80,0.053299739579413696,0,0
1405,41216,3389,0.507037132963174,0,0
4430,62112,80,0.9704617346516728,0,0
3711,40057,53,0.8784220355609537,0,1
1346,16310,80,0.4680411952439306,0,0
5592,22420,4444,0.48141177397029145,0,1
2561,52923,4444,0.13783644919280613,0,0
7157,19813,4444,0.6002910067150781,0,1
171,58960,22,0.8568639542042227,0,0
8667,18496,22,0.702966175587788,0,1
14436,38753,4444,0.3221302192921718,0,2
10993,57615,3389,0.5023875252967618,0,2
9773,26634,53,0.8263797763581443,0,2
4758,32469,8080,0.9288096263223552,0,1
11473,62994,4444,0.6361285747847154,0,2
3252,32395,443,0.9523056088388017,0,0
11348,4631,80,0.1563377969907923,0,0
10959,47900,3389,0.9232067446177914,0,2
8278,49050,80,0.9985797230989599,0,2
5774,51714,3389,0.9707106105848952,0,1
1439,35657,22,0.8460674074452996,0,0
5309,26584,4444,0.6222850389318997,0,1
7952,61568,4444,0.4866279656708725,0,1
10354,61407,53,0.4024397288510204,0,1
14259,54159,80,0.4410065431101656,0,0
13428,32330,4444,0.035817117646865126,0,2
6517,33188,4444,0.3853725961125549,0,1
5095,7054,4444,0.5222996160837661,0,1
201,48896,8080,0.08684626560045305,0,0
6774,30791,8080,0.21913162240639894,0,1
6493,26549,8080,0.5276365888506652,0,1
10386,35857,80,0.8158257502170158,1,2
10632,26344,80,0.19463198364250067,0,0
4425,26802,443,0.021748260339642056,0,0
12959,11542,4444,0.9847750116098193,1,2
6618,24863,22,0.37368198586836865,0,1
5449,5663,22,0.3911049613720501,0,1
12903,61845,53,0.8549085234317921,0,2
111,38608,443,0.11972860377282024,0,0
11938,62324,80,0.6223801243210979,0,0
4079,42475,3389,0.2011949323432236,0,1
12679,27016,22,0.4007877258736853,0,1
4231,55881,8080,0.8184385255769759,0,1
2638,34744,22,0.05793000325574149,0,0
8217,36111,3389,0.42465463578155405,1,2
6207,2373,80,0.6370188154754938,1,0
3873,52756,53,0.2652566774071936,0,1
2648,35446,8080,0.593275184346848,0,0
11370,59322,53,0.8629845604044843,0,2
7052,32004,443,0.07080113044636427,0,0
5965,61846,80,0.8053189853982803,0,0
13464,16714,3389,0.09456187443734987,0,2
11908,21882,443,0.3870191993179485,0,0
8474,19482,443,0.49504528070874854,0,0
14400,36270,8080,0.23806782800287363,0,1
13946,36732,53,0.15417345332801624,0,1
4641,40937,80,0.9919825391197612,0,0
8985,61647,53,0.5217523528448459,0,1
12114,27072,4444,0.04788403088054505,1,2
6199,40107,4444,0.9416453344792705,1,1
9407,34163,22,0.21126349070368733,0,1
10163,15991,8080,0.42542627283838574,0,1
4764,38074,22,0.22437766449918306,0,1
1275,40482,443,0.5542869923347269,0,0
13704,30474,443,0.8198587698315308,0,2
10610,62649,53,0.39441587386150445,0,1
8292,32386,8080,0.21333488566718062,0,1
5356,48578,4444,0.028240772769394074,0,1
5065,24134,4444,0.9586639029192354,0,1
2721,1328,80,0.3322814507949001,0,0
5648,39605,3389,0.8878976455742266,0,1
2834,19038,8080,0.5729486878740162,0,0
14082,62469,3389,0.9186322926027983,0,2
5807,28437,22,0.495972236036911,1,1
737,1042,22,0.7529069702369612,0,0
12887,27342,80,0.8041879487807736,0,2
5397,2639,443,0.8905055756796966,0,0
5968,22640,53,0.37135406887919,0,1
11311,32126,22,0.7038072960299642,0,1
8755,45047,53,0.6547067643119238,0,1
9839,17224,8080,0.9639470127470239,0,2
2308,19334,80,0.240675412509611,0,0
8653,12459,80,0.6904981877189533,0,0
4160,14558,53,0.9433888826539337,0,1
11477,21485,4444,0.701693457807809,0,2
4911,9912,8080,0.2752392173386011,1,1
1867,45513,8080,0.3449047411216425,1,0
11817,39503,80,0.6578458966477689,0,0
12702,13296,22,0.008267205781317899,0,1
3594,17327,443,0.6043501336491762,0,0
1471,46842,4444,0.6214077807745177,1,0
2604,8809,53,0.48649004833637755,0,0
12514,48781,443,0.25266503262034623,0,0
10933,41506,4444,0.6061557886960663,0,2
1353,38528,3389,0.9759130610094893,0,0
5925,51481,8080,0.14532433774605935,0,1
1920,21502,4444,0.1981178505052017,0,0
12996,30398,3389,0.9749446151205777,0,2
209,17536,8080,0.8887243961847887,0,0
5066,27382,8080,0.5076217463337305,0,1
282,30984,8080,0.38000027372999257,0,0
2817,12202,22,0.1723732499426045,0,0
11257,5107,22,0.8328361002923442,0,2
3215,55905,80,0.8844334863112758,0,0
14107,21155,3389,0.07258306967586015,0,2
6004,16408,3389,0.9763554920963257,0,1
10311,54038,3389,0.9449025419993747,0,2
341,61864,22,0.9025150645319452,0,0
2098,59248,8080,0.10236069473286502,0,0
5508,20066,3389,0.7221980857510608,0,1
3215,1567,4444,0.8130283100786995,0,1
10584,47749,3389,0.313217543461216,0,2
12825,33458,4444,0.3215886447395574,0,2
2591,19388,443,0.5089304917577624,1,0
7314,29016,80,0.48390810016107233,0,0
4889,29003,53,0.315557612420724,0,1
10008,55067,80,0.40973909684899545,0,0
13673,4966,4444,0.26043669072084563,0,2
14520,51245,3389,0.8528607322605379,1,2
5717,52618,3389,0.7906559633448889,0,1
4232,52942,3389,0.03476750811154028,0,1
7280,40119,22,0.8759295897391166,0,1
4627,41381,443,0.572654692381252,0,0
10127,62823,8080,0.957726211035638,1,2
10071,56656,443,0.5906076238387009,0,0
3345,59414,22,0.018195232452511534,1,1
9045,25706,80,0.12617584279590888,1,2
3100,58752,22,0.4156172104953292,1,1
14483,12700,53,0.7104943297273875,0,1
12362,19942,80,0.602447999682296,0,0
7234,55932,53,0.16489870364605086,0,1
2205,1984,4444,0.5802921413826015,0,0
7171,11140,22,0.5616173667273405,0,1
12474,60087,3389,0.016951961788295167,0,2
368,35731,22,0.004148873541168774,0,0
3595,26056,8080,0.2014178360112311,0,1
3794,25185,53,0.6145654682822302,0,1
7980,30985,4444,0.33784816990097977,1,1
749,48037,53,0.6554739006959595,1,0
1007,23019,53,0.5373178394965658,0,0
3313,60598,53,0.3271014289376023,0,1
13750,6008,443,0.18181283186763186,0,0
2534,43299,80,0.7776713689613587,0,0
1955,53631,8080,0.2667990427368844,0,0
14757,11457,4444,0.2173911291190691,0,2
445,47534,443,0.40490191996383207,0,0
2252,19257,53,0.5777615847847973,1,0
13410,62954,4444,0.8910363435866793,0,2
1009,18488,22,0.00975935055708499,0,0
12824,33925,443,0.5371301858059516,0,0
207,26089,443,0.16963320245166358,0,0
9912,13445,3389,0.6122289683040582,0,2
9046,22516,80,0.06100693530160095,0,0
3220,33370,53,0.956006396364733,0,1
1845,46260,443,0.5905688849058358,0,0
5703,3713,80,0.6202803618174495,0,0
12756,53967,3389,0.2743722827865259,0,2
3691,43244,8080,0.8524054548207838,0,1
4556,24586,22,0.14787315507953547,1,1
4894,13969,22,0.7750082027085329,0,1
7848,60574,22,0.43158849359221263,0,1
11321,29333,3389,0.18161513034463383,0,2
722,44573,22,0.35290151494293187,0,0
7669,56146,53,0.772759120447925,1,1
1121,43483,53,0.8489010517440904,0,0
5022,31131,22,0.7914302855941593,0,1
9338,46735,4444,0.09684083838573943,0,2
645,50609,443,0.7659618408896288,0,0
10261,24903,8080,0.9105660528103173,0,2
7579,32591,80,0.8953041728539647,0,0
4825,55822,3389,0.4136601791075659,0,1
7873,2945,53,0.4458210301763532,0,1
11321,61659,443,0.20582436539491977,0,0
1168,55035,3389,0.6834215399688993,1,0
6547,19357,443,0.6855738840469389,1,0
3160,35996,80,0.8149237696539211,0,0
6435,44598,8080,0.4604187210830374,0,1
4972,28221,80,0.9378680313967184,0,0
5383,15074,8080,0.3265486884924462,0,1
9947,64135,3389,0.29889124861423544,0,2
11242,8655,80,0.33335629191124183,0,0
11299,38626,53,0.6354887679131002,0,1
12526,26160,22,0.4139731729571584,0,1
10821,17046,8080,0.34877130129859535,0,1
8421,33419,80,0.49924454125751405,0,0
6167,6110,8080,0.4392825331076162,0,1
6059,52727,8080,0.1346464333373394,0,1
3298,46582,8080,0.5178684516293265,0,1
4159,3711,4444,0.696662468465426,0,1
3056,9405,8080,0.8839219267217495,0,1
8476,57114,443,0.10643391937690139,0,0
6772,43068,80,0.14586929307603924,0,0
13531,29252,53,0.003991525710645649,0,1
2819,61521,22,0.49820692075555817,0,0
13169,45344,8080,0.6603159318472694,0,1
12733,32410,8080,0.8307381929530006,0,2
6228,17506,443,0.3083591646836954,0,0
384,59274,80,0.6329252543316317,0,0
4658,42546,80,0.1294640776898901,0,0
14930,38018,80,0.4378269315956679,0,0
9454,35006,53,0.31242941781600664,0,1
6224,25016,22,0.6239440954404458,0,1
7303,64498,4444,0.27035876825078076,0,1
13210,18475,3389,0.4338138047878234,0,2
14159,9549,22,0.05480843928821422,0,1
13094,3873,4444,0.3276801052796253,0,2
13374,55086,22,0.5841415352367983,0,1
9874,26068,443,0.2609554000063292,0,0
8427,60204,3389,0.7901722596809111,0,2
10486,17295,3389,0.6250753076329469,0,2
14718,44823,443,0.6068335133367934,0,0
3973,44907,4444,0.7471603252620471,0,1
11924,27340,8080,0.3744441661589273,0,1
7728,55312,3389,0.8628328429622901,0,1
7734,34235,3389,0.5857544712240291,0,1
10500,28637,8080,0.4406094052906825,0,1
6899,8682,53,0.5894580528572554,0,1
5409,56611,80,0.370653595343175,0,0
6549,47591,3389,0.7591354908350154,0,1
559,52187,8080,0.5551983595783686,0,0
14155,37320,4444,0.2468600414885972,0,2
13811,20015,443,0.7627960390554424,0,0
9182,30622,53,0.3932528394752003,1,2
10811,51121,8080,0.5961741366823539,1,2
141,32233,4444,0.019507301124293885,0,0
7463,58772,3389,0.9644553782064559,0,1
3514,53921,53,0.6537159071981331,0,1
8816,30455,80,0.7798967378692249,1,2
14041,56446,4444,0.9045115298303296,0,2
1095,39662,3389,0.81266787092246,0,0
7637,30078,3389,0.2400948658316524,0,1
10714,30877,22,0.3031882926008296,0,1
8047,4757,443,0.38534408804724685,0,0
3107,20859,22,0.13345621602786428,1,1
14567,45823,443,0.6823307972383452,0,0
4949,32370,22,0.18008137111975342,0,1
14727,37929,4444,0.6192454107180875,1,2
5704,38265,53,0.13086946024250246,0,1
677,47666,8080,0.21949926888472393,0,0
9037,50524,4444,0.372656495374572,0,2
10789,16742,80,0.861848912755865,0,2
10247,7008,4444,0.027855204072466666,1,2
8052,11876,53,0.7300174797055461,0,1
14948,56960,80,0.7173263055657387,0,0
11220,38676,3389,0.1890858234604167,0,2
8234,16893,4444,0.5114528169843531,0,2
5709,63384,80,0.8982553330105252,0,0
11038,28509,53,0.7432657111628691,1,2
14537,61766,443,0.0016209914012494941,0,0
6989,17415,3389,0.21661384968777908,0,1
13211,20897,4444,0.13709024029484862,0,2
865,45925,8080,0.6028126230343513,0,0
11467,35552,4444,0.3914647510095297,0,2
9646,52997,8080,0.42349908901645383,0,1
10199,20056,3389,0.931902040538558,0,2
8321,23426,4444,0.10907490933312247,0,2
1076,61303,3389,0.3064267757757103,0,0
2631,59052,80,0.3519954603446126,0,0
3783,16545,4444,0.2779317954965188,0,1
2159,7666,53,0.5445981411271253,1,0
8720,47973,4444,0.6405111419556558,0,2
8440,43241,443,0.7346019278654511,0,0
5465,15114,53,0.5964842532982565,0,1
4886,55284,53,0.011951994992758785,0,1
8504,7516,80,0.4958500390236802,1,2
6027,17314,443,0.023574172721944175,0,0
7722,33032,4444,0.701849556574283,0,1
6938,53497,22,0.8039789547960072,0,1
5243,27756,8080,0.05349913415386809,0,1
1343,58511,4444,0.41474320620120786,0,0
712,13967,80,0.7622326343659919,0,0
9800,5345,4444,0.7367347322017851,0,2
4711,6883,8080,0.37303330916497834,0,1
8081,62632,443,0.23755665595276387,0,0
8168,9675,22,0.8468113159562954,0,2
10653,58925,22,0.7042132355704802,0,1
9645,41523,3389,0.3031314044957405,0,2
3756,13219,22,0.7418393638102164,0,1
9245,44869,80,0.1135729914730953,0,0
3875,52348,53,0.5478534682004834,0,1
14248,29760,53,0.03661808280705814,1,2
13445,8366,8080,0.8636214775216686,0,2
9560,4072,3389,0.29355679225873166,0,2
7700,23558,3389,0.641864160463349,1,1
9985,24667,4444,0.566377330040253,0,2
10472,4342,4444,0.15900957056170517,0,2
11702,61892,4444,0.4417436983299866,0,2
2205,31363,443,0.09987284445908673,0,0
2249,45862,8080,0.5548280904595791,0,0
9200,50279,22,0.6104568798713552,0,1
2809,47952,443,0.19334547510480504,0,0
13382,43397,3389,0.4663008945528144,0,2
2376,23031,443,0.07395698932064321,0,0
10033,14879,3389,0.7289061069475471,0,2
1072,39327,4444,0.43899018367210507,0,0
592,33381,22,0.1544862488964477,0,0
2448,39220,4444,0.3514793026384666,0,0
269,50991,8080,0.7207116689861325,0,0
7430,24782,443,0.5431600393849343,0,0
1985,38878,8080,0.9309438230630265,0,0
9723,32239,8080,0.17026202940035873,0,1
4442,17888,4444,0.8715937195926183,0,1
14127,50650,443,0.7182920655675601,0,0
7536,53969,8080,0.034006137597548336,0,1
637,60121,22,0.3293079680997655,1,0
9768,61298,22,0.0021791159122609427,0,1
10825,29910,22,0.7090625038951545,0,1
7908,1599,8080,0.758042603280936,0,1
1531,48666,53,0.6315477393068991,0,0
3667,63495,3389,0.12057121084535305,0,1
12593,50465,4444,0.7889925555562761,0,2
3270,16217,4444,0.14535610047823533,0,1
3768,38901,4444,0.7577747140642466,0,1
6470,47258,443,0.7374981378402247,0,0
9735,65216,3389,0.9877128240965855,0,2
12117,7611,53,0.9664361005486432,0,2
1695,63708,80,0.47706779153414103,0,0
4969,30767,443,0.1853036469545769,0,0
13626,41783,3389,0.45780436577998296,0,2
9924,58284,80,0.5676994760572647,0,0
8446,55876,4444,0.38883142188819086,0,2
2408,56336,4444,0.8978073037247408,0,0
2836,32738,80,0.14597346819293844,0,0
4755,46857,22,0.583046733586611,0,1
7198,8504,22,0.1249299941459141,0,1
12255,7917,443,0.25482526585581633,0,0
1454,25383,8080,0.7746775274261886,0,0
5967,7055,8080,0.7927171268981211,0,1
11214,16620,3389,0.4918043384409184,0,2
13887,14329,22,0.7120507294842852,0,1
11568,16716,443,0.2803247534331488,0,0
2490,34981,22,0.2741793827466069,0,0
5926,2446,443,0.2879366411508648,0,0
10426,46791,443,0.8371793895500353,0,2
220,29258,80,0.6692614008021246,0,0
7240,56433,3389,0.20146793652347728,0,1
6763,26901,80,0.5004441885189099,0,0
14363,51360,443,0.36316546740833733,0,0
3398,44847,8080,0.9635547248018065,0,1
713,48283,80,0.686148620732188,0,0
5738,34175,80,0.9059496236444056,0,0
10780,49241,8080,0.212778065366529,0,1
6653,4834,443,0.4137936723043192,0,0
11405,41685,4444,0.18061746829615632,0,2
197,41180,443,0.6179515912354843,0,0
12305,35238,3389,0.7484684185667224,0,2
12498,41687,80,0.4774833396970841,0,0
9130,40926,4444,0.5890234718429649,0,2
2941,21792,22,0.7444818168968187,0,0
9300,4296,443,0.7729644750013178,0,0
5920,60997,8080,0.6010008288090135,0,1
2576,40817,8080,0.09830837207062926,0,0
11416,17606,22,0.712477038773982,1,2
2071,43572,8080,0.9877073271430564,0,0
10779,24890,80,0.9940901665092103,0,2
14802,26810,22,0.7238204475001979,0,1
1574,55093,53,0.8597639885347838,0,0
7633,53821,53,0.15711197211739292,0,1
5426,23795,4444,0.6887919966173995,0,1
11641,65126,80,0.5912807835937234,0,0
7113,55827,80,0.2365468887850648,0,0
2895,47429,3389,0.4314111863443416,0,0
511,10170,443,0.7411263475325192,0,0
438,29743,3389,0.5481523983877242,0,0
5495,30629,3389,0.6207502279406338,0,1
12977,26738,53,0.584431593448141,0,1
4874,4890,22,0.14786929156912243,1,1
5925,17758,8080,0.8613443165623288,0,1
172,20108,4444,0.14586000183601755,0,0
12124,60709,53,0.656106415814856,0,1
1457,13035,80,0.4901759190649648,0,0
1285,37264,8080,0.3014334208504673,0,0
13635,12723,8080,0.45360154572369105,0,1
4091,39092,4444,0.20228585162124613,0,1
9880,44099,53,0.7077491483733056,0,1
9451,35496,53,0.8619513173690481,0,2
9784,48438,3389,0.1461412056908542,0,2
11600,59547,22,0.10874228340164194,0,1
6919,64539,53,0.7605679438129366,0,1
11514,6978,4444,0.387046235715663,0,2
1781,51621,4444,0.9564563565718638,0,0
8825,61328,443,0.2786086308666207,0,0
7826,20101,22,0.6917675223282166,0,1
12569,44033,22,0.2629649012922127,0,1
1069,17044,3389,0.9040356781410267,0,0
10359,18671,53,0.6764757134682372,0,1
10793,28172,22,0.9317165538413344,1,2
2308,31709,4444,0.3439365691559949,0,0
12010,9775,22,0.22200061256691994,0,1
2664,14909,22,0.6851622899190339,0,0
9344,62598,80,0.36652456715454307,0,0
9669,46028,4444,0.7123863822801046,0,2
7386,51778,80,0.25425712956642765,0,0
3778,29646,53,0.8189298761255455,0,1
10747,48965,53,0.5842415928184596,1,2
7820,48418,80,0.7873156535499444,0,0
8756,16704,8080,0.45918122544060125,0,1
7311,56089,53,0.18095427281996457,0,1
14243,17141,4444,0.7653863731963648,0,2
7793,34668,22,0.19059528497230005,0,1
7255,18894,4444,0.6994327813432392,0,1
9478,46911,53,0.902187571684441,0,2
2590,16313,53,0.7789026443274926,0,0
11985,44213,53,0.5050927991481611,1,2
5917,65348,8080,0.8222373380009392,0,1
6646,21233,3389,0.9259379182548271,0,1
4984,51833,8080,0.15443085226790476,0,1
12283,34853,4444,0.34010745828143085,0,2
7295,37853,8080,0.9522988664376532,0,1
5113,37937,4444,0.7640599924567498,0,1
719,54738,3389,0.9418556509498947,0,0
6474,61223,22,0.18567916817706465,1,1
7082,59565,8080,0.5998308942187159,0,1
5367,49806,3389,0.7297895033582793,0,1
1595,17861,8080,0.814061994600217,0,0
11105,31576,443,0.4295929901026594,0,0
12334,38728,3389,0.42453003956261304,0,2
5150,22614,8080,0.06265356415955048,0,1
61,35082,22,0.15695301653831095,0,0
12478,41175,22,0.5521479887420306,0,1
14136,37870,80,0.9463435192664575,0,2
5636,61104,53,0.44936196652696203,0,1
14074,55002,8080,0.7450564321193506,0,1
1891,58768,443,0.4353804313624843,0,0
1195,7880,80,0.5364055066721808,0,0
14716,30499,80,0.6439256806162221,0,0
4171,22940,22,0.023343273938962072,0,1
13267,53683,443,0.3249793101063616,1,2
8063,7868,53,0.5146041549956709,0,1
13689,1526,22,0.58022369680127,0,1
5447,40660,53,0.3618975419361993,0,1
10083,30740,53,0.3799883151756851,0,1
1637,58930,22,0.6088419002475993,0,0
2628,12959,8080,0.9557783722093952,0,0
6008,12098,22,0.736088329503443,0,1
14735,4802,53,0.5001353783436866,0,1
14105,17664,3389,0.3085357157078079,0,2
3408,58889,3389,0.8917635941856987,0,1
5422,35886,53,0.6634026075369824,0,1
2734,44676,443,0.72316637670659,0,0
13262,61057,22,0.672425181662609,0,1
5670,36143,53,0.28286984558004324,0,1
6930,7135,4444,0.6063874696069519,0,1
8480,48067,22,0.16473783479061155,0,1
51,3230,443,0.6483854792971283,0,0
1760,50953,80,0.10966824393601682,0,0
4662,28172,3389,0.07948343274058045,1,1
3408,35921,443,0.7076701216711262,0,0
5039,15543,22,0.7939164315307748,0,1
195,37501,443,0.20489057361803598,0,0
14145,3628,3389,0.4870696016095688,0,2
2402,43142,443,0.04599055906898364,0,0
296,34849,80,0.3847136632460203,0,0
2165,49883,53,0.7843273906682704,1,0
2222,40261,22,0.5651060228977647,0,0
6028,6216,8080,0.8069327942801675,0,1
13734,18850,3389,0.19272192098589092,0,2
2372,49651,22,0.7108592073803355,0,0
13068,33356,3389,0.35630907148849555,0,2
10915,52224,22,0.17602069583100222,1,2
7297,42816,4444,0.4018507281713253,0,1
7775,50135,3389,0.5437712062368849,0,1
249,64036,443,0.006118541784969289,0,0
1663,26635,3389,0.45321524801576474,0,0
13483,47624,3389,0.3800259840339961,0,2
9306,52769,3389,0.5397752656138597,0,2
5693,32392,3389,0.15743121541669602,0,1
4442,2966,3389,0.8081375019257286,0,1
1019,44371,4444,0.29809363020795043,1,0
2363,50410,80,0.35609662509457096,0,0
14289,6702,53,0.638141140715187,1,2
9091,15826,80,0.12558388530802267,0,0
6427,6977,443,0.5826498065129587,0,0
9706,42199,3389,0.8838612789760988,0,2
8547,64878,4444,0.5031799645921903,0,2
11889,16444,8080,0.5609203851836971,0,1
3509,39318,443,0.10787605850348225,0,0
11328,17892,3389,0.5425702345755203,0,2
6005,11035,8080,0.713826491114684,0,1
5065,46851,4444,0.5936425486333357,0,1
1389,32129,53,0.9555769618297187,0,0
14263,29273,8080,0.6333981266367323,0,1
3749,7011,443,0.17730160910273862,0,0
14784,2323,443,0.9436708337673604,1,2
4827,49541,443,0.5792322411806191,0,0
2931,49471,22,0.5015016878762999,0,0
4554,22334,22,0.8779146371993081,0,1
920,39942,443,0.17039938885090367,0,0
6888,27967,53,0.3639181821034473,0,1
6269,26723,22,0.8414962284085583,0,1
11586,22688,3389,0.5818174754290225,0,2
11621,4551,443,0.35522914701513286,0,0
1502,60175,53,0.31991237825815,0,0
10645,30787,443,0.8247272290777471,0,2
10858,34779,80,0.7092895433218965,0,0
7664,29773,53,0.4245503443284845,0,1
14888,22943,3389,0.2802355776615152,0,2
11592,12307,3389,0.1737170758058587,0,2
1360,62717,443,0.8487580979190933,0,0
5862,12258,443,0.5831619145238921,0,0
567,48358,3389,0.10381271261093339,0,0
6734,32118,8080,0.2658378190373374,1,1
3349,35206,4444,0.9963680301450154,1,1
829,47483,3389,0.36904218387550003,0,0
13819,48360,443,0.641916739749793,0,0
12882,32491,4444,0.6832904685500185,0,2
7030,19561,53,0.27204324015638903,0,1
4318,44761,8080,0.7003193790290234,0,1
4170,40256,80,0.3961233169116932,0,0
5557,40938,3389,0.13951524411320582,0,1
12233,10131,80,0.6222228472424088,0,0
1708,20557,80,0.08390407116558862,0,0
12924,30829,22,0.05434209305344395,1,2
1988,62478,8080,0.30092787491338135,0,0
2012,4713,8080,0.36494169391984765,0,0
640,53403,22,0.8655083077548332,1,0
6877,56338,22,0.6963654356528189,0,1
13323,13917,80,0.7396863973543701,0,0
4681,27398,4444,0.06726387537317136,0,1
7683,16207,80,0.3941841122926607,0,0
13432,19061,4444,0.7581059370868025,0,2
10208,53827,443,0.7758544094686652,0,0
1547,28488,3389,0.9492701291150505,0,0
4736,61041,80,0.9532312420680608,0,0
14581,25234,443,0.9275355603095459,1,2
4826,24902,22,0.6358686404605776,0,1
6131,33268,8080,0.7897310863782623,0,1
10353,24967,22,0.49693918743316956,0,1
8216,9423,4444,0.2705720877061609,0,2
9780,50600,4444,0.5272503473912182,0,2
11593,31920,8080,0.36435911347441907,0,1
4342,55631,53,0.1837743593747576,0,1
9889,26208,22,0.597108146047902,0,1
6814,34682,22,0.8669641495731697,0,1
7042,31516,80,0.6331182557123406,0,0
6453,60724,22,0.965900045059417,1,1
4988,39733,3389,0.5910289021852927,0,1
2375,39294,80,0.32386437312973737,0,0
7676,8731,4444,0.6458540422532342,0,1
10799,25495,443,0.04099136506555423,0,0
5269,42560,80,0.44162339040780096,0,0
9198,53081,22,0.6433823142579443,0,1
6742,9780,53,0.026280142652377436,0,1
8210,22812,4444,0.955571878681895,0,2
10890,45589,443,0.2740295624862161,0,0
2600,14545,8080,0.06665722242117544,0,0
14123,30562,443,0.33126983323693715,0,0
8184,6966,4444,0.09715161344187762,0,2
4278,34271,53,0.33989255111175476,0,1
5991,47081,8080,0.2997607106822866,0,1
5842,18501,80,0.9684325108269585,0,0
11416,42880,4444,0.29557620374818205,0,2
2622,20072,443,0.6665969245498827,0,0
12134,57306,8080,0.8641653971193201,0,2
8623,15706,8080,0.7764591513153966,0,1
10820,12694,22,0.43982372469956366,0,1
9804,53735,3389,0.9385742341392138,0,2
2151,50521,3389,0.03914450992780716,0,0
9786,17858,4444,0.6751827706450146,0,2
5751,51606,80,0.9704579486289476,0,0
5400,38447,4444,0.5131123386844434,0,1
2452,13624,4444,0.2913433461471988,0,0
401,31239,3389,0.13421071314727073,1,0
12196,5520,443,0.13476245807429788,0,0
10400,5023,22,0.9464294835280728,0,2
7991,37130,53,0.28748169007186375,0,1
10375,61911,3389,0.5766928001809724,0,2
4397,60204,22,0.8475604692101117,0,1
197,20601,53,0.662450336553655,0,0
13997,55611,8080,0.7697614168568574,1,2
13703,59533,4444,0.004643329510372829,0,2
1864,13438,53,0.38089882630115135,0,0
4499,49584,443,0.5098943273214048,0,0
10795,16437,80,0.936925462139233,0,2
14607,38499,80,0.7441047811588859,1,2
8633,8585,443,0.48083332928817135,0,0
12885,13034,22,0.35337362886929335,0,1
7991,12500,8080,0.530474809852255,0,1
10640,44751,3389,0.8936500158378882,0,2
8783,55020,443,0.28607646669653286,0,0
3286,25089,80,0.8943853897371451,0,0
11005,51601,3389,0.0017148883659989789,0,2
9766,45908,8080,0.4685555239438902,1,2
5056,44700,8080,0.9458033523313151,1,1
2698,16616,443,0.2496974916473369,0,0
9367,58396,3389,0.1556245515645105,0,2
2287,13542,80,0.6852534980075783,1,0
11533,24359,22,0.2085402738180181,0,1
8907,62238,443,0.030859086780349876,0,0
6479,57103,3389,0.6697075990309809,0,1
8581,17272,4444,0.14447544151303504,0,2
2190,26183,4444,0.45021232671960587,0,0
14455,55721,22,0.7526123949206621,0,1
2347,64102,4444,0.5853908499468436,0,0
215,43996,8080,0.6310227661776235,0,0
9242,16569,53,0.43419211602959995,0,1
14755,2669,53,0.32761667936631544,0,1
14575,42615,4444,0.9980128342814089,1,2
11723,38004,8080,0.1566344536983385,0,1
9143,45900,53,0.7308924490278543,0,1
1851,57650,8080,0.11956621183376381,0,0
10233,24733,22,0.6804538236110381,0,1
7932,28653,22,0.21639696452611057,0,1
1553,7562,53,0.7281963508863505,0,0
13235,56738,53,0.6847331296006453,0,1
6650,61496,80,0.5562184685614785,0,0
6552,38047,3389,0.6591760735934981,0,1
10461,63391,443,0.3757732620238263,0,0
10775,51318,4444,0.00424085319526768,1,2
8944,59118,80,0.9181688949572274,0,2
13465,38997,3389,0.4749377176773504,1,2
13807,21225,4444,0.2605150271302792,0,2
7029,3627,53,0.2781729670850319,0,1
6428,40833,443,0.8644618555595884,0,0
12336,12407,443,0.3155424539480428,0,0
2554,57761,8080,0.04341311458218389,0,0
7718,40052,8080,0.5953851332460566,0,1
1375,7979,443,0.1892157841853661,0,0
11775,19820,443,0.26202412708787337,0,0
8607,46550,53,0.8902461173559874,0,2
5426,6469,3389,0.846003856079335,0,1
5178,35934,443,0.8901856229306677,0,0
1055,50953,22,0.7628965308373388,0,0
12151,24168,53,0.6112569716823864,0,1
8173,10023,4444,0.3858189478042019,0,2
6306,51543,22,0.7533753642082043,0,1
5756,36000,8080,0.5058149587867324,0,1
7866,19339,8080,0.3821893161709933,0,1
3150,57257,443,0.5785928603760098,0,0
14648,5167,4444,0.7379807985462535,0,2
8745,52520,80,0.6706593629243071,0,0
10265,11013,22,0.08998959710056187,0,1
14086,20951,8080,0.054881641764215505,0,1
3858,2621,3389,0.3706918984884472,0,1
8077,10606,4444,0.85357638949545,0,2
2548,55837,80,0.5254049421028343,0,0
13794,61243,3389,0.9150701794287973,0,2
12916,36620,443,0.4393568619866427,0,0
448,3005,4444,0.12392010367598749,0,0
4903,36143,3389,0.8897426384014056,0,1
9952,16843,4444,0.9449554938601912,0,2
4431,50452,443,0.14521134136745495,0,0
11286,47946,22,0.06609579521505682,1,2
2822,62337,80,0.3088247577106573,0,0
410,51849,4444,0.7177142204287995,0,0
8354,43511,80,0.027955850571094842,0,0
7528,22888,4444,0.3438436911698889,0,1
10735,23306,4444,0.16956876777898056,0,2
7154,8182,4444,0.2192617912081365,0,1
737,15005,80,0.46347307175657415,0,0
8388,3781,80,0.7117043456780914,0,0
10320,13165,80,0.08876157864029377,0,0
14595,30408,80,0.9691542730023347,0,2
5926,61429,8080,0.02517878903870685,0,1
5589,13715,22,0.8705695002074969,0,1
4204,18881,53,0.19812299239530895,1,1
12615,53999,4444,0.29302597163541666,0,2
8635,17827,53,0.9644162023458024,0,2
215,3050,8080,0.7507819438239399,0,0
6248,56539,4444,0.6781752392671009,0,1
12470,44088,4444,0.024415767291813828,0,2
5751,46590,22,0.33170444170486846,0,1
3564,52003,443,0.13871972668591892,0,0
8506,12478,3389,0.05900439225644938,0,2
10785,19293,53,0.94293540989223,0,2
9255,55089,53,0.4613979460491542,0,1
14151,29149,8080,0.20328505114722473,0,1
9670,49546,3389,0.7466351216149888,0,2
934,56562,80,0.3498035419363671,0,0
7919,8117,4444,0.6989603907164963,0,1
14744,50926,8080,0.261645079595351,0,1
7369,35785,443,0.6576439772464284,0,0
14405,7004,443,0.5641295726431427,0,0
1011,11799,53,0.45515273972561165,0,0
6410,53181,22,0.3106439698210184,0,1
6458,8864,3389,0.9552898488093329,0,1
5471,36413,53,0.5956224274284931,0,1
10654,39679,443,0.9214178011377132,0,2
11489,42760,53,0.22037692009008714,0,1
3541,2822,22,0.6567330457361756,0,1
1354,36622,3389,0.059145441266966414,0,0
9197,42447,22,0.6823468872246203,0,1
2372,51487,4444,0.6163466149714256,0,0
2785,58750,3389,0.43644657535173426,0,0
160,10310,3389,0.2508986692567352,0,0
9642,14262,4444,0.46899185134034793,0,2
14091,53606,443,0.49057073558702324,0,0
1252,46647,443,0.9710627325388579,1,0
7487,1833,53,0.2913971390204103,0,1
8126,36280,443,0.27689347266460607,0,0
7448,10837,53,0.13458860308864873,0,1
4898,18737,22,0.35533397772447384,0,1
12652,29811,80,0.1259972835732529,1,2
3739,32607,4444,0.19874414732124124,0,1
3493,15986,80,0.28086877927548703,0,0
1147,7044,80,0.5850132326275951,0,0
8471,40981,8080,0.42193832627746686,0,1
6027,23619,3389,0.6515976731671445,0,1
4479,59347,8080,0.4684230709867365,0,1
4164,2177,8080,0.9379537739469493,1,1
11713,9048,80,0.13882244261553756,1,2
1876,24965,443,0.7266997276111261,0,0
12664,55987,4444,0.9710734366520966,0,2
546,30125,4444,0.5124911370068334,0,0
11699,36443,22,0.17106797001316365,0,1
6032,65319,4444,0.2986461676051868,0,1
5935,56107,4444,0.08519973108113021,0,1
5914,14978,3389,0.2281370995227765,0,1
4853,32660,443,0.35781971287763314,0,0
7877,50680,3389,0.35515856919415467,0,1
1786,4394,80,0.70971060711513,0,0
13609,58555,22,0.8784344993279315,0,2
9822,5251,4444,0.06128294897915587,0,2
7031,63045,80,0.05447614805481482,0,0
637,62133,80,0.03711039048756326,0,0
9116,40385,4444,0.5765477546997944,0,2
7974,26617,22,0.0915945056909494,0,1
5357,14236,8080,0.6968297643054541,1,1
3848,20328,4444,0.2545849832289173,0,1
437,51664,53,0.0658589668754771,0,0
14447,8962,80,0.3121286969809728,1,2
12827,22437,8080,0.13078354215439292,0,1
5648,30020,22,0.456590498082203,1,1
2891,28540,443,0.6217405744108597,1,0
13764,51335,80,0.4004582198982214,0,0
14585,53106,8080,0.11284751787608971,0,1
1433,39179,80,0.532350856166853,0,0
10350,26699,3389,0.9292957888421193,0,2
7331,49875,53,0.8075756378502098,1,1
14931,11128,22,0.30018426869955794,0,1
11708,40712,8080,0.12588497404397636,0,1
1820,35800,3389,0.1823815214299005,0,0
13261,42074,80,0.43025329348154184,0,0
2582,6595,8080,0.7347261726927532,0,0
8017,15659,8080,0.6832653858260194,0,1
7747,5961,80,0.36084928454212817,0,0
4230,33251,3389,0.33348626723098296,1,1
5184,11167,4444,0.7199809040470179,0,1
6980,21133,22,0.1571033938482046,0,1
11504,43189,8080,0.26510668013459315,0,1
11014,29382,443,0.1533650395091679,0,0
10407,51206,3389,0.5175881104292217,0,2
3515,22917,8080,0.42024584539480014,0,1
7765,60163,22,0.3420493790608605,0,1
204,4255,22,0.4438149539117098,0,0
1002,14803,80,0.07138967305309807,1,0
14656,15582,8080,0.17675028358340883,0,1
3761,25800,53,0.7102948726198485,0,1
852,4958,3389,0.18970176436962805,1,0
7326,29039,443,0.06185837697837959,0,0
14204,32339,8080,0.49073217715834105,0,1
4337,52205,22,0.6120008559193009,0,1
6022,36495,3389,0.5638799261509302,0,1
4776,10861,3389,0.41258326007812507,0,1
8964,52203,22,0.04148455374392079,1,2
6874,39570,80,0.19808778425917206,0,0
3802,35128,3389,0.08974898820482669,0,1
10424,15759,53,0.050380532869421124,0,1
14301,36769,443,0.970842517318536,0,2
12106,12136,80,0.5842081236363694,1,2
4588,47842,8080,0.9544257089512956,0,1
11492,31848,80,0.2801872552725112,0,0
3963,63131,3389,0.8654163316270569,0,1
8460,20980,53,0.8092870303621492,0,2
6187,20144,443,0.4616729884237989,1,0
10016,30294,22,0.5956984557027022,0,1
7380,65496,443,0.6918195771566142,0,0
9545,38819,4444,0.588440961937212,1,2
12429,10913,53,0.0770637624855357,0,1
5520,31040,3389,0.14086437802192187,0,1
1153,60951,3389,0.7095486125210968,0,0
1692,31038,53,0.9408287044742208,0,0
9074,8214,53,0.9399924508801343,0,2
14970,36802,443,0.6925571157623318,0,0
14416,28787,443,0.6081040472283753,0,0
259,26438,4444,0.18146636226673862,0,0
10852,10436,443,0.6979507470318538,0,0
1912,6957,53,0.18607951156775404,0,0
11276,5323,4444,0.1425771568883225,0,2
10936,26708,22,0.42667646837783757,1,2
2579,57806,80,0.30726377827991336,0,0
5222,16774,53,0.5388097836039345,0,1
9721,46479,53,0.2149403171266403,0,1
13230,23986,22,0.07329358466661196,0,1
5822,45094,3389,0.26784152124915117,1,1
3185,41974,4444,0.2870264267808609,0,1
4743,1732,443,0.8028890504991267,0,0
4756,65248,80,0.9813122159183851,0,0
9163,34258,53,0.5683662475470633,0,1
10468,14865,80,0.36788916344098566,0,0
3287,20621,53,0.6885450903808862,0,1
13763,29973,8080,0.8358168195698403,0,2
13644,34269,443,0.41923974917195694,0,0
7469,3905,4444,0.8027979076151118,0,1
14626,22700,53,0.037305047733223295,0,1
14318,36885,8080,0.13528512838946327,0,1
10218,19497,4444,0.9273828783902052,0,2
1233,64615,3389,0.9154673792349818,0,0
1806,12618,53,0.8001025392244735,0,0
12525,9036,3389,0.19499187069366364,1,2
1753,12425,443,0.6994111836696768,0,0
7532,31679,8080,0.30447804914183796,0,1
66,36815,80,0.5444709609799787,0,0
13264,50720,80,0.8739691922322624,0,2
7366,34176,8080,0.5240375763596107,0,1
3162,8241,53,0.07251284177093154,0,1
5522,8532,80,0.5913004070464118,0,0
4198,17615,22,0.6138613192760791,0,1
2005,54466,8080,0.917114984755083,0,0
11395,3891,4444,0.833759881062487,0,2
9757,53929,4444,0.5649821998980267,0,2
1004,58980,3389,0.46107283816444333,0,0
700,7735,3389,0.6636800971110384,0,0
3280,24136,3389,0.6985175692922936,1,1
8659,31520,80,0.1373778634934808,0,0
336,4558,80,0.4805199217275884,0,0
14700,61058,80,0.438071035276587,0,0
5520,63085,80,0.12705393509689022,0,0
7509,33365,8080,0.8313391389156601,0,1
10818,30343,8080,0.8570998056319568,1,2
13271,17576,22,0.6616181940657336,1,2
6779,46248,3389,0.9189229278442741,0,1
7532,48664,443,0.2346516802969465,0,0
5059,63125,443,0.5097555948450884,0,0
8213,13040,3389,0.288168483419019,0,2
12253,57539,4444,0.39649893653574864,0,2
13999,39100,443,0.7377244973770539,0,0
11068,12552,3389,0.6539377215781943,0,2
4126,22139,80,0.5696971195226612,0,0
11564,33768,8080,0.4598034448736541,0,1
13636,12793,80,0.48536676294418957,0,0
734,25112,3389,0.0389527554583774,0,0
7940,3748,22,0.6076149835534395,0,1
11232,32969,22,0.27708048313368105,0,1
7350,44115,4444,0.7945703597847978,0,1
7206,51729,80,0.9121910319102025,0,0
12040,3331,22,0.2675578188971468,0,1
1451,10456,22,0.9481127562777716,0,0
8584,51567,80,0.20848458439426543,0,0
5188,47050,22,0.27545907399876957,0,1
8263,34073,22,0.772207444448485,0,1
2862,39477,80,0.13970443670783117,0,0
7302,29361,53,0.9717287834811145,0,1
14469,29235,3389,0.05051210841703213,0,2
8498,30063,4444,0.3827005099909001,0,2
1257,24606,80,0.9588621564140734,0,0
6154,23280,3389,0.2611184795549417,0,1
10732,18745,8080,0.42879374683927485,0,1
6436,54988,3389,0.6322615959286948,0,1
7565,17597,4444,0.4803520436290988,0,1
678,39258,53,0.5385674495372356,0,0
11490,39259,4444,0.8243153095010664,0,2
8505,37646,4444,0.8609713899844622,1,2
13330,28189,80,0.21335202702457323,0,0
6962,43192,3389,0.49102587108286544,0,1
10182,29730,53,0.916552351940575,0,2
11968,63196,80,0.09389975646965398,0,0
10989,50587,8080,0.7228069416949536,0,1
11858,47588,80,0.8086690263899295,0,2
8004,7506,443,0.6230726104253185,1,2
2598,18543,443,0.0028071222836854037,0,0
4248,21231,443,0.9487187384856778,0,0
3025,1436,22,0.6370066259919155,0,1
2173,51935,3389,0.6688002154100062,0,0
8821,14277,4444,0.6790931978388964,0,2
5120,50736,443,0.35180021989711907,0,0
4760,41765,22,0.8020816038700982,1,1
1281,4344,80,0.7765264755925652,0,0
10367,34540,8080,0.855823882393299,0,2
7658,35390,22,0.9866541221046786,0,1
807,26193,53,0.40807636457372276,0,0
14073,34653,53,0.9690007633724487,0,2
11643,18264,80,0.9679612386547333,0,2
14031,57131,8080,0.8172584023478432,0,2
11388,49506,3389,0.5338625779791474,0,2
8363,36741,3389,0.8216885405347596,0,2
5530,3034,8080,0.09762741557859622,0,1
11057,18316,80,0.5566864717166243,0,0
14363,65274,53,0.20893174858934405,0,1
2324,47363,22,0.2741451193593234,1,0
12712,45299,443,0.24847377468484844,0,0
11727,54645,22,0.7341485965765524,0,1
4873,39480,443,0.5834198182157913,0,0
6051,39222,4444,0.5113812978348592,0,1
9139,15605,443,0.6068674673838051,0,0
14890,52249,8080,0.9942857237073213,0,2
2494,35079,4444,0.10965598866131976,0,0
10594,40207,4444,0.08243440212187936,0,2
10384,47343,80,0.6926503994378752,0,0
2429,14437,4444,0.42859179327854147,0,0
13485,20700,53,0.018640947179899392,0,1
12772,41117,53,0.8569726689713469,0,2
6638,21579,4444,0.8088066855487966,0,1
7120,55315,3389,0.11396904296773192,0,1
4763,60614,22,0.6456206624919367,0,1
3590,4805,53,0.43252789622943777,0,1
13317,31985,80,0.20127790628124675,0,0
3072,13402,3389,0.3258022750587781,0,1
10897,23328,443,0.2278186031028656,0,0
3410,50689,8080,0.836376128502187,0,1
1533,61591,4444,0.8518505484168167,0,0
14311,16173,443,0.3754413478869498,0,0
8545,8665,80,0.7655694106320251,0,0
9522,63362,3389,0.7380287307005018,0,2
9779,62070,8080,0.34351808016478624,0,1
6265,35159,53,0.10198682343967413,0,1
1805,36180,4444,0.9484366412999198,0,0
5786,40931,4444,0.27559545005410735,1,1
11491,54261,443,0.421081268005434,0,0
2577,14276,443,0.36536626257783167,0,0
11556,47016,80,0.29731551361398056,0,0
3343,2821,80,0.5877793054160304,0,0
12009,12356,3389,0.6286595915776596,0,2
10269,61078,53,0.4046161648092903,0,1
8024,5230,3389,0.7457353177190451,0,2
5587,62940,53,0.9684994086630216,0,1
11847,33480,443,0.03021786522309955,0,0
14322,13216,3389,0.25942691698047005,0,2
6510,4791,8080,0.8452922763511913,0,1
12864,4274,53,0.4732503226142446,0,1
7089,51213,53,0.7755404347760476,0,1
950,44573,80,0.6404691336956566,0,0
8719,56636,80,0.852050176714479,0,2
11753,59691,53,0.33911866106970723,0,1
3994,22972,53,0.9970925482134512,0,1
8113,2170,53,0.09910097968151821,0,1
162,55118,8080,0.677028932841466,0,0
5666,26510,22,0.5466520522037138,0,1
14273,46771,53,0.4126400418210856,0,1
12760,24688,80,0.3878756085456604,0,0
4920,21582,443,0.533597272063683,0,0
9994,50018,80,0.655092640620769,0,0
14660,5324,8080,0.2558337599048198,0,1
11603,4558,3389,0.2852912011798763,1,2
4186,54785,80,0.3978397681772513,0,0
6572,47484,8080,0.28127047018892615,0,1
10228,16027,3389,0.1419785330393254,0,2
1833,61945,8080,0.5777735589140368,0,0
184,60444,4444,0.6065855962125536,0,0
2766,15691,3389,0.026779889747203134,0,0
10711,4559,443,0.6195849543164667,0,0
11104,42046,443,0.8206855440175463,0,2
2972,16891,3389,0.8670065156404204,0,0
1697,16037,3389,0.1440786243406862,0,0
9845,16179,8080,0.8881556455178964,0,2
10674,9747,8080,0.19272445702080399,0,1
3961,26000,22,0.5436722225725674,0,1
12018,8604,443,0.7684144216550407,0,0
6140,32794,8080,0.28729252226923774,0,1
5853,9015,8080,0.3959003940790198,0,1
7778,51522,80,0.23589960887197325,0,0
11849,13963,80,0.7999137731568381,0,0
11620,18558,443,0.5037925871313857,0,0
1735,26226,443,0.5556523845062367,0,0
8305,50927,80,0.5312621712653683,0,0
5739,58088,22,0.061518005067376924,0,1
5166,5207,3389,0.9551257982216483,0,1
3008,18627,8080,0.4188981756102952,0,1
13648,51163,8080,0.04001806331512492,0,1
4910,24022,3389,0.7570103215232377,0,1
7521,8764,8080,0.234495316145642,0,1
12671,29052,80,0.04351403284521338,0,0
14067,19872,22,0.8387369247716787,0,2
12760,51181,53,0.3775497518095057,0,1
1326,17542,53,0.5058355324476997,0,0
9806,62435,443,0.30605845236161777,0,0
9481,25666,22,0.8352580617812218,0,2
4731,29093,3389,0.7239825978489082,0,1
13509,48110,22,0.5719134402721647,0,1
1330,3688,4444,0.40215537921665245,0,0
14343,25557,8080,0.23669433381256222,0,1
5170,29232,443,0.3720471025584007,0,0
1626,19835,22,0.9199815737862045,0,0
6803,22650,53,0.20797715246433102,0,1
14522,18146,443,0.7402906612944308,0,0
5486,7778,4444,0.12750180712393677,0,1
4959,29709,443,0.8604383802530586,1,0
2366,61183,8080,0.40404011913829574,0,0
5612,65249,8080,0.8275497800657662,0,1
5606,53037,443,0.04956077218042709,0,0
11121,26431,3389,0.060062552564337124,0,2
9591,45262,3389,0.4141860177204051,1,2
7081,52861,4444,0.23256686727327314,0,1
5041,6508,3389,0.6277647505676833,0,1
7867,26146,80,0.19569973422581222,0,0
10854,37943,22,0.6408257158524394,1,2
7646,29702,4444,0.9981570146167104,0,1
8865,65137,80,0.3232053136387284,0,0
1923,57282,3389,0.03462410416521189,0,0
2791,35375,4444,0.7885357473860037,0,0
5277,45390,80,0.20344633764531994,0,0
14945,46652,4444,0.580950400050993,0,2
14737,13296,443,0.44671081044182526,1,2
12645,19316,3389,0.7907542678566457,0,2
177,54178,22,0.3540555227216651,0,0
9390,16328,4444,0.27858404885555643,0,2
5173,13475,8080,0.5324814530145305,0,1
1615,29386,443,0.8306285219559503,0,0
6829,53344,80,0.48185728796804217,0,0
3723,36383,53,0.6707459239433602,0,1
14798,1426,443,0.7294772823551009,0,0
7328,32101,80,0.7498372196350965,0,0
6842,43983,8080,0.8517891872054317,0,1
9380,62537,80,0.08955562494679781,0,0
11232,49120,22,0.13785009451898944,0,1
802,35336,443,0.12826167091645024,0,0
724,48781,22,0.5924526872236472,1,0
4531,16492,8080,0.6617599281821122,0,1
14677,29313,3389,0.28920655757937996,0,2
11554,4325,80,0.21643177780548317,0,0
9441,50445,443,0.2993080494583218,0,0
5770,38069,80,0.9898602682819754,0,0
5028,8186,443,0.7588289630534553,0,0
12803,23270,443,0.897193176014082,0,2
8916,56748,53,0.6335741221619792,1,2
747,39424,53,0.6078585204533632,0,0
3794,25519,8080,0.3707292671187985,0,1
14971,42603,22,0.14591520904678335,1,2
673,36519,4444,0.9337206017640468,1,0
10352,33962,22,0.39064010038572405,0,1
12534,12417,22,0.8921246186212722,0,2
6002,26562,4444,0.4632827889067309,0,1
10165,42547,3389,0.33133466699843117,1,2
14203,6941,80,0.4769866250634197,0,0
8197,30769,443,0.8584424096922207,0,2
3521,12712,53,0.607633129167885,0,1
9453,38441,8080,0.15898304498667926,1,2
8523,36913,3389,0.42435424483544537,0,2
8186,13571,3389,0.47484405519817807,0,2
11967,26880,443,0.17650225092192362,0,0
2315,8735,22,0.18814385255398525,0,0
14386,42236,443,0.727432130009385,0,0
11299,63183,3389,0.31057866406861023,0,2
10093,21966,8080,0.8160369320595866,1,2
515,15332,443,0.9482708020073818,0,0
12300,49179,4444,0.7014779917347765,0,2
5025,39385,3389,0.32877424394253174,1,1
11180,25465,443,0.4200380815126955,0,0
4856,62947,4444,0.1876125575114883,0,1
11416,43355,22,0.25461483593733625,1,2
8187,7099,443,0.3410780811342379,0,0
14541,38583,22,0.6916835266456428,0,1
11198,15439,22,0.8834304146311311,0,2
13710,4212,22,0.39238437462016307,0,1
11582,10534,22,0.8508871605872744,0,2
4258,57718,80,0.6885878943203757,0,0
4114,10683,53,0.6587313940280877,0,1
788,34174,8080,0.6682762019177644,0,0
3708,53153,4444,0.41893046433906855,0,1
14730,14968,3389,0.2729490851209192,0,2
1649,52873,53,0.5618846094888231,0,0
7274,43974,22,0.6335382890038435,0,1
10691,1214,443,0.2858413112803021,0,0
6648,38039,22,0.8011386267969688,0,1
11305,50831,53,0.9685930054175481,0,2
10814,50588,3389,0.048482715737485305,0,2
5053,27414,8080,0.24146926295172733,0,1
5618,24540,4444,0.03392660775707923,0,1
3694,9337,80,0.9707607246120529,0,0
10415,13441,53,0.12988086037140445,0,1
14724,52016,8080,0.789348800208062,0,1
4439,58227,443,0.8677204071204234,0,0
3732,38338,443,0.3244198299913704,0,0
3357,19495,443,0.32787937382749066,0,0
3650,50627,3389,0.38666980446252797,0,1
3635,57357,80,0.5346704077019485,0,0
4692,33734,80,0.2298410165833632,0,0
2217,17159,443,0.00445892645132695,0,0
11744,1279,8080,0.8320951544713262,0,2
2711,15655,4444,0.22833509074580072,0,0
8637,5250,22,0.8336655326636437,0,2
12931,26939,8080,0.716064445505514,0,1
714,41278,22,0.5188548759799099,0,0
4242,51685,80,0.27448929344216644,0,0
71,14322,22,0.46354848330926934,0,0
6095,62058,8080,0.21955859122498278,0,1
3953,20200,53,0.5351361173855091,0,1
11017,29406,443,0.033616791118585176,1,2
12508,18007,53,0.856280705887495,1,2
12626,54569,4444,0.11692072887532945,0,2
14785,1914,8080,0.74692296920115,0,1
1111,31323,80,0.042177596906568304,0,0
12002,14312,3389,0.10293066437168608,0,2
9964,24334,80,0.8833303340550855,0,2
105,7324,53,0.6183739491272414,0,0
5962,15209,8080,0.32493845427758183,0,1
2638,3166,443,0.2980741447239499,0,0
1051,24053,80,0.06762686561129327,0,0
4215,33276,443,0.1922345746778572,0,0
12044,9696,3389,0.0751700475480952,0,2
9726,10235,4444,0.1460893349738568,0,2
3115,32183,8080,0.12094435619567478,0,1
2181,13021,80,0.2266175273107559,0,0
3862,53188,53,0.7795434939177938,0,1
4845,3546,8080,0.8036460108378081,0,1
12325,30361,443,0.44962925940819576,0,0
10740,14141,443,0.29708363396393767,1,2
13439,45576,22,0.48851711486166494,0,1
2092,61875,8080,0.6418269017767636,0,0
6692,16883,4444,0.8011995162052687,1,1
5069,37147,53,0.9731604431931581,0,1
2158,5199,4444,0.5041242530588441,0,0
12893,13169,80,0.3553126833213486,0,0
4495,30267,443,0.3795379491378469,1,0
4932,13101,4444,0.7397023590005961,0,1
13363,9445,443,0.49016885090137285,0,0
1130,1246,22,0.48049527168153383,0,0
11243,49388,3389,0.46675066799915654,0,2
13538,49166,443,0.5950368024357694,0,0
12013,44088,22,0.38698539157082323,0,1
10887,49655,8080,0.10525291569094286,0,1
9207,44735,8080,0.11484586740220737,0,1
7139,2984,4444,0.526692007286301,0,1
10857,23319,4444,0.9630385480528187,0,2
7477,29299,3389,0.7037701626617628,1,1
4708,64140,4444,0.6666830360860366,0,1
2243,39517,53,0.29050943520155603,0,0
8835,58270,443,0.02268652738959842,1,2
9123,41327,443,0.03311041522142433,0,0
13277,23446,80,0.5428372423355299,0,0
13155,62264,22,0.7473867218510478,0,1
14606,42588,8080,0.05338929483027788,0,1
7526,64046,8080,0.7507319773537093,0,1
2659,15860,4444,0.5789101881246697,0,0
7128,7402,80,0.5433492399541945,0,0
3508,64916,8080,0.7292529690119276,0,1
14382,57807,53,0.6580865782315836,0,1
12417,24438,3389,0.039585498977774636,1,2
8501,62288,443,0.7566498159377981,0,0
3103,25755,22,0.9798562703332956,0,1
3018,59868,80,0.07849971689731106,0,0
8664,28220,22,0.36871431649247166,0,1
6032,3198,8080,0.03616623238450822,0,1
5303,57562,3389,0.2469238311962404,0,1
5514,53770,4444,0.40256245056828444,0,1
10655,7915,443,0.4028593445647809,0,0
11663,6884,4444,0.6304007320596219,0,2
10701,4316,22,0.09843769037740813,0,1
4512,19738,3389,0.9506168698270879,0,1
6583,34235,3389,0.21732802067787127,0,1
13837,48419,53,0.7926914415652979,0,1
9881,6564,4444,0.4698763415342757,0,2
6453,13992,4444,0.6505663908175648,0,1
14360,7590,443,0.8206124490893302,0,2
2375,47045,4444,0.2503005592450688,0,0
14587,5165,22,0.8373679598704684,0,2
9476,45258,8080,0.5014879248287242,0,1
994,50061,4444,0.6911991930992373,0,0
7785,11816,443,0.6772851707385488,0,0
231,40306,53,0.6894232783116095,0,0
10313,22709,443,0.515630460125155,0,0
161,19418,8080,0.10369538009467616,0,0
12802,7257,22,0.712856923173781,0,1
13315,18644,4444,0.9697665604414831,0,2
7081,35967,3389,0.5237421551607047,0,1
962,24730,53,0.9162326094225124,1,0
1685,12984,3389,0.21356197590588255,0,0
4282,38374,4444,0.7187328387120279,0,1
7744,15952,4444,0.9316410433743653,0,1
4554,27219,4444,0.2075385308491946,0,1
11691,50056,22,0.736386876443022,1,2
10782,31499,53,0.17843810108151925,0,1
8620,27750,443,0.5742509239816195,1,2
1128,18063,53,0.04226494375048484,0,0
3627,33788,22,0.07197184106409704,0,1
1237,41057,8080,0.19718137683566028,0,0
11268,51552,8080,0.6183436318543534,0,1
14714,2823,3389,0.06782483114839222,0,2
2244,39619,80,0.046420444859235355,0,0
5269,63728,4444,0.5773987167179027,0,1
9205,49115,53,0.35855571700669897,0,1
5312,28714,443,0.10291798212193926,1,0
7915,41582,443,0.9520262831460279,0,0
13213,58521,4444,0.5205750615005088,1,2
5611,61236,22,0.030584056070861232,1,1
5111,20857,80,0.4886734353432538,0,0
14999,24492,443,0.5793279199094157,0,0
13856,33974,80,0.07261849921773733,0,0
925,55087,53,0.6062776382050044,0,0
11448,7757,4444,0.3792144283715503,0,2
1970,15070,443,0.495188658677843,0,0
11609,5527,3389,0.5842292310613505,0,2
6629,26795,22,0.8367750808338181,0,1
14059,54678,80,0.6636694830598133,0,0
5757,28140,8080,0.3601930378451397,0,1
7161,5333,53,0.007512601506596939,0,1
10535,60610,22,0.8284457067528583,0,2
5460,38393,80,0.4204364915119073,0,0
992,41622,4444,0.3885363666236379,0,0
6411,41657,4444,0.1938800974858882,0,1
4348,54514,3389,0.11722925108256499,0,1
3638,22690,443,0.8206870457140856,0,0
14429,59226,53,0.9964035739194003,0,2
11504,4454,53,0.16383789445142627,0,1
13267,13381,3389,0.3376810038339084,0,2
11064,36458,4444,0.9666376155798169,0,2
8369,41369,4444,0.012949894279270402,0,2
8812,62086,8080,0.15029655675122344,0,1
10070,11464,4444,0.42323784855463253,0,2
7127,53086,3389,0.6513442081500108,0,1
8442,59577,80,0.03825996063380732,0,0
1165,46758,443,0.3451394877269083,0,0
11348,34259,80,0.4276962500271341,0,0
7447,6539,22,0.8108575348533626,0,1
7770,39394,443,0.045443914771880145,0,0
431,45257,80,0.5321598001699408,0,0
2631,64902,3389,0.46005943857310505,0,0
9530,62932,3389,0.5476443340283156,0,2
13398,64144,80,0.40398257889310596,1,2
8549,47477,4444,0.20859486431052054,0,2
8365,27456,53,0.8940885806876703,0,2
7911,1616,53,0.5314330940947166,0,1
294,27945,443,0.4884495664389332,1,0
10770,25118,22,0.5163417098524328,0,1
6919,12572,443,0.31310703464777656,0,0
1260,63666,3389,0.4982612519605697,1,0
2500,47928,3389,0.1051829134974882,0,0
10277,38108,4444,0.35998915764455774,0,2
9540,60755,3389,0.126445845974819,0,2
5180,19586,4444,0.6429071753125888,0,1
248,59380,53,0.3011860758979775,0,0
14269,56204,3389,0.6413422524548659,0,2
10583,50762,3389,0.44703349996529473,0,2
4672,7547,22,0.7051363775834771,0,1
13509,33558,22,0.8646135547985281,0,2
7408,56203,443,0.35796563742106247,0,0
11526,22016,22,0.4301076571416682,0,1
11522,2915,22,0.39844277068585765,0,1
1147,29993,22,0.2047375222076706,0,0
3754,4188,443,0.4083213567079502,0,0
10616,54557,80,0.11251769241844622,0,0
9261,8921,4444,0.9689955462898233,0,2
6747,28526,3389,0.4056341919952652,0,1
685,36779,3389,0.8556372463583074,0,0
4412,14071,3389,0.11327115710356761,1,1
4956,54763,8080,0.9987186856461018,0,1
7430,42820,53,0.15857635272886716,1,1
7700,63549,4444,0.7898401398469655,0,1
3575,47423,4444,0.5688284358381058,0,1
3127,22508,4444,0.7842733939872774,0,1
13391,23751,8080,0.892920067604821,0,2
7779,6042,53,0.3663354474749515,0,1
4256,46846,4444,0.8959804221664662,0,1
7045,50723,53,0.29421078202123085,1,1
5647,32712,80,0.47469092017728776,1,0
5444,43655,22,0.4470818872358605,0,1
10757,9186,3389,0.3127598921009459,0,2
12805,57873,80,0.28827434301755983,0,0
13237,2853,80,0.08964470070410446,0,0
3158,42522,80,0.004651651675324664,0,0
3175,38740,53,0.06351892410834126,0,1
5692,16182,3389,0.6455029903782766,0,1
1475,33672,53,0.1766567315002595,0,0
6942,27805,4444,0.04919007926751229,0,1
11921,27891,80,0.7958875125882556,1,2
4200,50064,443,0.6242943158150874,1,0
10223,37075,22,0.719628605019174,0,1
12851,24784,443,0.8794954119101881,0,2
13397,63751,8080,0.08134626551898638,0,1
4772,37822,443,0.6888971239503092,0,0
2274,40545,80,0.13910613482813583,0,0
10131,48351,8080,0.5096635763770101,0,1
3733,11671,22,0.41553115775413274,0,1
6385,61101,8080,0.7237395198689641,0,1
14760,9727,3389,0.8063981240869219,1,2
